ts_code,introduction,main_business
300309.SZ,公司是国内知名的石油测井设备专业制造商。主营业务是石油测井仪器的研发、生产、销售和现场技术服务，以及利用测井仪器为油田客户提供测井工程服务，主要产品为GILEE系列成像测井系统，包括下井仪器和地面系统。公司的产品性能与核心技术处于国际先进水平，在国内同行业中具有显著的竞争优势，打破了少数国际领先的技术服务公司对测井仪器制造技术的垄断。公司与国内主要的石油测井服务单位如大庆钻探、渤海钻探等建立了稳定的合作关系。,"公司的主营业务是石油测井仪器的研发,生产,销售和现场技术服务,以及利用测井仪器为油田客户提供测井工程服务.公司的主要产品为GILEE系列成像测井系统,包括下井仪器和地面系统."
430047.BJ,公司是一家创新型生物制药企业，专业从事基因治疗药物、重组蛋白质类药物和眼科用药的研发、生产与销售，主要产品为生物工程新药(基因治疗药物、重组蛋白质类药物)和眼科药物，并依托自身技术平台提供技术转让和技术服务。生物工程新药为公司重点开发的产品，但因其开发周期长、投入大，公司同步开发了滴眼液化学仿制药。该类药物资金投入小、周期短、资金回笼快，可为生物工程新药的开发和公司持续运营提供资金支持。此外，公司充分利用现有滴眼液生产技术和产能优势提供受托加工服务，以增加造血功能、缓解资金压力。,"基因工程蛋白质类药物,基因治疗药物和眼科用药物的研发,生产及销售"
430090.BJ,公司通过了ISO9001-2008质量体系认证，在多媒体视频解决方案的研发、组装及系统集成服务方面具备标准化的质量控制体系，公司加入了北京中关村企业信用促进会、北京中关村高新技术企业协会、北京软件行业协会、北京民营科技实业家协会，在行业中具备一定的影响力，。目前公司已在高端视频墙和室外液晶数字标牌领域占据了较强的市场地位，尤其是在传媒与能源行业，知名度较高。公司在商用显示解决方案领域树立起自己的口碑和品牌。,"公司主营业务为向金融,展览展示,教育,影院等各行业用户提供领先的视觉综合解决方案及产品."
430139.BJ,公司2001年成立于上海张江高科技园区。公司是一家专业从事集成电路测试技术研究开发、芯片设计验证分析和产业化生产测试服务企业，是第一批国家鼓励的集成电路企业、高新技术企业和上海市“创新型企业”，是上海市科委、国家工信部、国家科委立项支持的“集成电路测试公共服务平台”和上海市“集成电路测试专业技术服务平台”。公司是第一批国家鼓励的集成电路企业和高新技术企业，公司技术水平先进、装备一流，是具有自主技术创新研发和持续发展能力的国内先进的集成电路测试技术领先企业。公司自2001年成立已来，先后承担了国家集成电路技术研发和上海市科技攻关项目等多个国家和地方的集成电路测试技术开发项目，已为国内外200多家集成电路企业几百种集成电路产品提供了优质的测试服务。,"晶圆测试,IC成品测试,测试验证分析,测试技术研究,程序开发,自有设备租赁"
430198.BJ,公司主要从事智慧交通领域中以视频为核心的高速公路监控信息化产品的研发、生产、销售及技术服务。智慧交通是在智能交通的基础上，充分运用物联网、云计算、互联网、人工智能、自动控制、移动互联网等技术，通过汇集交通信息，对交通管理、交通运输、公众出行等领域以及交通建设管理全过程进行管控支撑，使交通系统在区域、城市甚至更大的时空范围具备感知、互联、分析、预测、控制等能力，以充分保障交通安全、发挥交通基础设施效能、提升交通系统运行效率和管理水平，为通畅的公众出行和可持续的经济发展服务。,以视频为核心的监控信息化产品和解决方案
430300.BJ,公司拥有逾34000平方米的高灵敏度磁共振探测器研发和生产基地，有逾200名雇员，10多个MRI射频线圈的研发队伍，其中博士8人、硕士10多人、射频电子工程师近40多人。公司的研发项目带头人在海外有多年从事MRI射频线圈的开发、设计和生产的经验，由他们设计生产的多种磁共振射频线圈已配套应用于荷兰飞利浦、美国通用电气公司、德国西门子公司和日本日立公司等国际知名跨国企业生产的磁共振系统。,"高灵敏度磁共振射频探测器及其配件的设计,研究,开发,生产,维修,超导磁体的研发,生产,销售,技术咨询,技术开发,技术服务,技术转让,销售自产产品,提供相关技术的技术转让,技术咨询,技术开发,电线,电缆,电子元件,电子器件,电子设备,五金,塑料制品,纸制品的销售,从事货物与技术的进出口业务."
430418.BJ,公司是滚针轴承、圆柱滚子轴承和滚针的专业设计与制造公司，江苏省高新技术企业。公司在上世纪六十年代初，即生产出了我国第一支滚针，七十年代主持起草了我国第一部滚针轴承行业标准，八十年代注册“中华”商标，九十年代被认定为江苏省第一批高新技术企业，公司于2008年被认定为国家高新技术企业并维持至今注册商标：“中华牌”“SZZH”。主要产品系列有冲压外圈滚针轴承、冲压外圈滚针离合器、圆柱滚子轴承、圆柱滚子离合器和球轴承组件、推力轴承、滚轮轴承、直线运动滚子导轨支承和滚动体等。,"轴承,滚动体等机电设备零部件的研发,生产及销售"
430425.BJ,公司(原步进机电有限公司)是一家以技术为依托的专业运动控制公司，自1997年成立以来，倾力投入于运动控制产品的开发研制和应用推广。公司自行开发的MPC系列运动控制器已成功应用于国内外上百个行业，数万台机器设备，并控制着几十万套伺服步进；此外，公司还和多家欧洲知名控制器制造商紧密合作，从而确保能为不同行业的客户提供完美的控制器配套方案。同时，我们还是行业内最早推广精密步进伺服的公司之一。代理和自行开发生产的产品均获得市场的一致好评。,"主要产品包括点胶控制系统,通用运动控制器,伺服驱动器等"
430476.BJ,公司致力于食品安全与营养、药品安全监督的分析仪器和分析方法的研究以及行业内应用方案的解决。TART品质认证标准通过多达17道检验工序确保了海能每一台分析仪器的品质和精确度，触摸机身。海能追求与仪器本身同样高品质的售后服务层次，不断努力建立全天候7×24服务响应机制的更高台阶。,"一般项目:工程和技术研究和试验发展;技术服务,技术开发,技术咨询,技术交流,技术转让,技术推广;软件开发;软件销售;实验分析仪器制造;实验分析仪器销售;生态环境监测及检测仪器仪表制造;生态环境监测及检测仪器仪表销售;第一类医疗器械生产;第一类医疗器械销售;第二类医疗器械销售;生物化工产品技术研发;人工智能通用应用系统;智能控制系统集成;智能机器人的研发;智能机器人销售;物联网技术研发;物联网应用服务;物联网技术服务;信息技术咨询服务;以自有资金从事投资活动;非居住房地产租赁(除依法须经批准的项目外,凭营业执照依法自主开展经营活动)许可项目:第二类医疗器械生产;第三类医疗器械生产;第三类医疗器械经营;医疗服务;检验检测服务;货物进出口;技术进出口(依法须经批准的项目,经相关部门批准后方可开展经营活动,具体经营项目以审批结果为准)"
430478.BJ,公司成立于2007年10月，是专业从事各类精细化学品的研发、生产与销售的精细化工企业，涉及的产品包含了呼吸系统类药物、解热镇痛类药物、抗肿瘤药物、消化系统药物、血栓类药物、血糖类药物、病毒类药物中间体，紫外线吸收剂，农药中间体和电子化学品。2012年，公司获得了“安徽省出口创汇一百强企业”;“天长市综合实力10强企业”荣誉称号。禾益化学强调公司的发展必须依托优质的产品质量，安全的工作环境和自觉的环境保护意识，禾益药品投入了巨大的精力和物力，进行质量认证、注册、安全生产和环境保护。产品顺利通过ISO9001:2008质量管理体系认证以及ISO14001:2004环境管理体系认证工作。,"高级医药中间体,原料药及相关产品的研发,生产与销售"
430489.BJ,公司是专业从事PVC环保热稳定剂助剂研发、生产和销售的高新技术企业，公司主营业务为生产、销售环保热稳定剂助剂，主要产品(β-二酮化合物)为DBM和SBM。公司是我国化工行业《二苯甲酰甲烷》、《硬脂酰苯甲酰甲烷》标准的主起草单位，先后被评为高新技术企业、国家火炬计划重点高新技术企业、国家火炬计划“硬脂酰苯甲酰甲烷”、“二苯甲酰甲烷”的项目承担单位、国家知识产权优势企业、国家科技型中小企业技术创新基金承担单位、安徽省专精特新中小企业、安徽省创新型企业、安徽省标准化示范企业等，拥有省认定企业技术中心、省级工程技术研究中心、省级博士后工作站。,"二苯甲酰甲烷,硬脂酰苯甲酰甲烷,硬脂酸盐的生产,销售."
430510.BJ,公司成立于2001年7月，公司主营业务是研发、生产和销售精密机械加工件和压铸件，主要客户为高端装备制造、高速列车/轨道交通、汽车等行业的国内外知名品牌制造商。是一家以高端装备制造、高速列车/轨道交通、汽车零部件等行业的知名品牌制造商提供核心零部件的精密机械加工和压铸制造为核心技术和核心产品的中外合资企业。公司制造、加工的产品种类众多，其中最具代表性和竞争力的产品包括精密直线导轨滑块、高速列车减震器主件、伺服电机主轴、汽车安全带装置转轴、汽车发动机涨紧支臂。,"半导体领域,工业自动化领域,汽车领域,轨道交通领域精密零部件的研发,生产与销售."
430556.BJ,公司主要从事智能电力监控产品的研发、生产和销售以及电力监控系统集成服务。自设立以来，公司紧跟电力监控行业技术发展和市场需求变化，研发出具有核心技术的电力监控仪表、电力监控装置、用电安全保护装置和传感器等智能电力监控产品。公司凭借丰富的产品经验和技术创新实力，持续开发出能满足用户个性化需求的智能电力监控产品，并广泛应用于数据中心、通信基站、新能源充电桩、轨道交通、工业建筑与市政等领域。以数据中心为例，单个大型数据中心通常包含上百个列头柜、上千组机架和数万个服务器，设备数量多、能耗高、用电环境复杂，对电力供应的安全稳定和节能环保要求高。客户通过在数据中心内部电力线路安装电力监控仪表、电力监控装置和传感器等产品来实时测量感知电流、电压、功率、谐波、电能、功率因数、相位角、绝缘电阻等电力参数和温度、湿度等用电环境参数，以精准掌握用电设备和电力线路的运行情况，实现数据记录、统计分析、故障诊断、控制保护和设备管理等功能，并通过网络将数据传输至电力监控系统，为用户发现故障隐患和准确计算数据中心PUE指标提供基础数据保障，进而为数据中心创造安全可靠、节能高效和智能运维的用电环境。,"主要从事智能电力监控产品的研发,生产和销售以及电力监控系统集成服务"
430564.BJ,公司成立于1999年，专业从事摄影测量与遥感、工程测量、地籍测绘、地理信息系统(GIS)工程、地图编制等测绘及地理信息产业，为城市规划、土地管理、资源开发、交通、物流、公共安全等行业提供高质量的地理信息产品和技术服务，2005年7月获高新技术企业认定证书，通过了ISO9001-2000质量管理体系认证，具有国家综合甲级测绘资质证书。2007年、2008年、2009年、2010年连续多年被西安市工商行政管理局、西安市人民政府授予“守合同重信用”单位称号。公司聚集了一批掌握现代测绘高新技术的高级工程师、工程师、科研开发及生产技术人员。软件研发负责人为海外留学归国的高端技术人才，拥有先进的管理理念及丰富的软件研发的经验。,遥感与测绘地理信息数据服务和空间信息系统开发应用与集成服务
430685.BJ,公司是一家服务于工业、农业、环保、教育、医院、科研、药业等领域超声波装备及相关科学仪器的国家高新技术企业。新芝多次被评为“行业十大品牌”，承担国家科技部发改委国家高新技术项目，目前正承担国家卫生部、科技部重大专项。有相关领域的研究员、高级工程师数名，具有先进、完善的研发条件和生产流水线。已经通过ISO9001：2008国际质量管理体系认证、ISO13485-2003医疗器械质量管理体系认证，取得了多项CE认证、医疗器械生产许可证及医疗器械注册证。新芝人本着“精细就是生命”的理念，围绕“一个中心，两个基本点”，以市场为中心，以质量和服务为基本点。在全国各大城市均设有办事处和售后服务中心，受到用户一致好评。为鼓励科研人员多出成果，凡使用新芝产品并有文章发表在国内核心期刊中我公司给予奖励。,"生命科学仪器的研发,生产与销售"
430718.BJ,"公司于2009年7月在合肥市工商局正式注册成立。公司系高新技术型企业，主要产品有彩晶面板、钣金加工、汽车钣金模具、玻璃制品、家电总成及电器配件等。座落于合肥市国家级高新技术产业开发区,位于风景秀丽的蜀山脚下，是属于世界级的家电产业基地。公司一期现已建成2条钢化玻璃生产线和16条彩晶玻璃生产线；钣金车间现有压力机等生产设备61台，将成为国内玻璃钢化、磨边和印刷为一体的大型彩晶玻璃制造加工基地以及钣金加工基地。通过全体员工的努力，于2011年4月11日通过ISO9001：2008、ISO14001:2004、GB/T28001-2001三标体系认证。2013年8月现金收购佛山博瑞泰为子公司，以及合并翔鸿光电公司，并于2013年9月启用模具事业部厂房，整体架构合肥高科为：彩晶事业部、钣金事业部、模具事业部三大工厂体系。2013年8月进行股份制改造完成，并启动新三板挂牌进程，预计2013年底挂牌完成。","金属结构件,装饰面板,金属模具等业务的设计,研发,生产和销售等"
830799.BJ,公司是一家向金融机构提供深度互联网整体解决方案的计算机科技公司。公司拥有与自身业务相关的自主知识产权、体系较为完备的在线存款、在线支付、在线贷款、在线运营、在线身份认证系列产品及企业级订制开发服务，向银行为主的金融机构及其他大型企业提供创新业务咨询、IT系统建设规划、软硬件开发、大数据运营服务等专业解决方案。公司以“平台级互联网金融系列软件+专业设计+100%贴身定制服务”为核心竞争力，多年来专注研究金融业务与互联网的整合，致力于推动传统金融机构向互联网金融的转型，实现互联网金融智能化，成为产品覆盖金融IT各领域的计算机科技企业。,"公司是一家向金融机构提供深度互联网整体解决方案的计算机科技公司.公司拥有与自身业务相关的自主知识产权,体系较为完备的在线存款,在线支付,在线贷款,在线运营,在线身份认证系列产品及企业级订制开发服务,向银行为主的金融机构及其他大型企业提供创新业务咨询,IT系统建设规划,软硬件开发,大数据运营服务等专业解决方案."
830809.BJ,公司是磷酸铁锂电池正极材料的生产厂商，公司以多年磷酸盐产品研发、制造为依托，开发出了动力锂电池正极材料磷酸铁锂的核心前驱体——磷酸铁产品，成为了国内磷酸铁锂需求客户的供应商。公司秉承“诚信创新”的企业价值观，坚持以市场需求和客户需求为第一标准，立足于锂电池材料和锂电池的现状及发展趋势，把握机遇，持续创新。近年来，公司生产的磷酸铁产品广泛应用于国内磷酸铁锂动力电池行业。,"磷酸,磷酸铁,磷酸铁锂的生产和销售;锂,钴,镍等原矿石,半成品,成品以及磷酸铁锂,三元材料,锂电池(各规格,型号)及本企业生产产品等系列研发与制造所需的相关设备,仪器仪表的进出口贸易业务;废旧锂电池拆解回收,材料再生循环利用"
830832.BJ,公司是一家专业从事石油化工催化新材料、环保催化新材料和煤化工催化新材料制造的高新技术企业。公司的主要产品是应用于石油化工催化、环保催化和煤化工催化的催化剂分子筛，主要包括ZSM-5系列分子筛、Y型系列分子筛、BETA系列分子筛、汽车尾气治理新材料等。公司具有完善的研发、生产、销售和服务体系，实现了主要产品生产制造中关键工序流程的智能化与自动化，是国内主要的催化剂分子筛系列产品生产企业之一。公司及子公司先后获得“中国专利山东明星企业”、“国家知识产权优势企业”、“高新技术企业”、“山东省诚信企业”、“省瞪羚企业”、“2018年度山东省优秀新三板企业”、“2019年度山东省优秀新三板企业”、“淄博市创新成长型企业”等资质和荣誉，并先后取得了TüV-南德认证公司ISO9001质量管理体系认证、ISO14001环境管理体系认证和OHSAS18001职业健康安全认证。,"应用于石油化工催化,环保催化和煤化工催化的催化剂分子筛的研发,生产和销售,主要包括ZSM-5系列分子筛,Y型系列分子筛,BETA系列分子筛,汽车尾气治理新材料等"
830839.BJ,公司是一家致力于液压机械产品设计、研发与制造的专业设备生产企业。主导产品为汽车液压缸、煤矿机械液压缸、工程机械液压缸、海洋工程装备液压缸等，产品品种120余种，年生产能力20万台套，是目前山东省内规模最大的液压油缸生产基地。2005年被评为市级高新技术企业：2006年通过ISO/TS16949国际质量体系认证：2007年顺利通过了中国煤科院安全标志认证，取得了矿用油缸生产资格；2008年被日照经济贸易委员会评为市级技术中心，并被省经济贸易委员会评为AAA级标准化良好行为企业；2009年被山东省科学技术厅认定为高新技术企业，汽车液压缸被山东省质量监督局评为“山东省名牌产品”。2010年公司技术中心被评为省级技术中心，并挂牌成立山东科技大学产学研基地，2011年被省科技厅评为省级创新型企业。,"液压油缸的研发,设计,生产和销售"
830879.BJ,公司是国内最具实力、规模最大的野外安全监测仪器供应商和系统解决方案服务商之一。主要从事设计、开发、生产精密传感器、数据采集器、智能传感终端等产品，并基于精密传感器的行业应用向下游客户提供软件与物联网服务。该公司产品与服务分为精密传感器、数据采集仪器、智能传感终端以及基于精密传感器的行业应用提供软件与物联网服务四大系列，在水利、水电、水文水资源、地质灾害、路桥隧道、轨道交通、建筑、石油化工、港口码头、核电、矿山等应用领域的500余个大中型工程中得到广泛应用。,"设计,生产,销售监测仪器,智能终端,自动化监测监控系统和监测预警物联网数据平台;相关系统项目集成以及监测预警物联网数据平台维护和服务;产品技术咨询和服务(中介除外),货物进出口(国营贸易管理货物除外);施工总承包;专业承包;劳务分包;技术检测."
830896.BJ,公司是从事汽车、摩托车离合器、汽车自动变速箱离合器以及汽车、摩托车高速传动齿轮开发、生产及销售的专业化企业。主导产品有：踏板车系列齿轮组件、平衡器齿轮组件、100型、125型摩托车离合器、ATV后桥变速器齿轮、汽车、摩托车摩擦片，工程机械摩擦片，异型车摩擦片等。产品主要配套供应本田、雅马哈、美国TEAM、美国DANA、印度TVS等世界知名企业，以及力帆、嘉陵、隆鑫等国内知名企业。产品直接销往美国、日本、巴西、印度、意大利、越南、中国台湾等国家和地区。公司先后被评为“沙坪坝区二十强工业企业”称号、“重庆市优秀民营企业”、“重庆市企业技术中心”、“重庆知名产品”、“重庆市高新技术产品”等荣誉称号。,"主要从事齿轮,离合器的研发,生产和销售,包括齿轮组件,离合器等产品"
830946.BJ,公司致力于化学原料药、医药中间体及含氧杂环类化工中间体的研发、生产及销售。其中原料药主要涵盖抗肿瘤类原料药、解热镇痛抗炎类原料药、抗癫痫类原料药等；医药中间体产品主要涵盖抗艾滋病类医药中间体、抗癫痫类医药中间体、抗肿瘤类医药中间体等；含氧杂环类化工中间体主要包括二氧五环、二氧六环。目前，公司多种原料药品种已获得国内GMP认证资质、欧盟CEP认证资质、澳大利亚GMP认证资质、美国DMF注册文件、美国VMF注册文件，且公司已通过了美国FDA现场核查(Establishment Inspection Report)，公司产品拥有较强的海外市场竞争实力。,"原料药,医药中间体,化工中间体的研发,生产及销售"
830964.BJ,公司专注于节水灌溉行业，致力于节水灌溉材料和设备的研发、制造和销售，以及为节水灌溉项目提供从节水灌溉材料、设备到工程设计、施工、安装、调试、技术支持的一站式服务。公司产品有助于农户合理地利用有限的水资源进行科学灌溉，提高农作物的产量及品质，实现水资源高效利用和农作物科学种植。公司产品主要应用于华北、东北、西北和西南地区，适用的农作物包括小麦、玉米等粮食作物以及棉花、蔬菜、果木等经济作物。,"节水滴灌管(带),喷灌设备,过滤,施肥系统,管件,管材的制造和销售;节水灌溉工程的设计,施工安装,技术咨询和服务."
830974.BJ,公司是一家专业致力于贵金属及有色催化剂、有机中间体的研究和生产的科技型股份企业。杭州市高新技术企业。是浙江工业大学硕博研究生的实践基地。依托浙江工业大学、浙江大学等国内外知名院校，在中国最早开发成功并完成产业化医药用手性催化剂三(三苯基膦)氯铑，产品成功替代进口。随后开发的最新培南类抗生素用催化剂辛酸铑，技术国际领先。目前开发并生产的丁辛醇行业专用铑膦络合催化剂属于国家高新技术产品，已经在国内合资或合资大型石化装置上应用多年，产品性能稳定，各项指标达到国际标准。公司除了大规模合成金属有机均相催化剂外，目前已形成钯炭(Pd/C)、铂炭(Pt/C)、铑炭(Rh/C)、钌炭(Ru/C)、钯碳酸钙(Pd/CaCO3)等载体类催化剂。在医药、农药、精细化工、石油化工、环保、能源、材料及电镀行业得到广泛的应用。公司经过ISO9001：2008国际质量管理体系认证。愿通过与客户的密切合作，并根据客户提出的特殊规范进行新型催化剂及化合物的研究开发和生产，包括特有催化剂在内的精细化学品合成工艺的开发及优化，同时对客户信息执行严格的保密措施。公司的核心竞争力在于：“以人为本，技术为先”。,"汽车尾气贵金属前驱体(硝酸铑,硝酸钯,硝酸铂),铑派克(三苯基膦乙酰丙酮羰基铑),辛酸铑,碘化铑,钯(铂)/氧化铝催化剂,铂基催化剂及贵金属循环再生服务"
831010.BJ,公司系一家专业从事城镇燃气输配及燃气管道工程安装、燃气装备应用技术研发及运营服务的国家高新技术企业。公司始终致力于天然气全产业链的拓展，在常规天然气输配服务(城市燃气、乡镇燃气、LNG服务)、非常规天然气回收利用服务方面建立了自身的技术和服务优势。公司探索建立＂燃气装备＋燃气服务＂的经营发展模式。旨在突破城市燃气企业的区域限制和发展瓶颈。公司的经营范围为：燃气项目投资、股权投资(不得从事非法集资、吸收公众资金等金融活动)；城市燃气输配及供应；燃气管道和工程安装及维修；燃气器材及器具销售及维修；燃气应用技术、开发及服务；燃气仪表的研发及销售。,"燃气领域投资,城市燃气的输配及供应,燃气工程安装等"
831039.BJ,公司是全国最大的专业招标采购服务商。公司拥有商务部、住建部、财政部授予的招标代理甲级资质和进出口经营权，公司作为专业的招标采购服务商，主要为医疗、交通、能源、电信、环保、市政工程等领域的客户提供招标代理服务及招标后续采购服务(招标增值服务)。招标代理服务和招标后续采购服务(招标增值服务)均属于招标采购服务，在招标采购服务链条上存在上下游的关系，公司是一家集招标代理服务和招标后续采购服务(招标增值服务)为一体的招标采购服务商。,主要向客户提供招标代理服务和招标增值服务
831087.BJ,"公司是农业部首批32家“育繁推一体化”企业之一，国家高新技术企业、国家级企业技术中心、中国种业信用骨干企业、中国种子协会第六届副会长单位、河南省农业产业化龙头企业,主要从事玉米、花生、小麦等农作物品种的研发、繁育、加工、推广和技术服务，经过近二十年的发展，已建立完备的“育繁推一体化”产业体系，主要产品为高产、稳产、高抗的玉米杂交种以及花生、小麦、大豆、油菜等农作物种子,公司以“依靠科技进步，服务农业农民”的发展理念为使命，坚持“创新、诚信、共赢”的核心价值观，品牌影响力逐年提升。公司拥有完善的研发育种体系，具备较强的研发实力，自主培育的明星产品秋乐368、秋乐618、秋乐2122、秋乐168等品种获得了广大农民的认可。","玉米,小麦等大田作物种子的选育,制种,推广和技术服务,农业科学研究及咨询服务."
831152.BJ,公司是集研发设计、生产加工、技术服务为一体的综合性企业。公司自成立以来，先后承担并完成了国家发展与改革委员会高技术产业化项目、国家863计划项目、国家科技型中小企业创新基金、国家财政部科技成果转化基金、云南省火炬计划、云南省科技攻关计划、云南省科技型中小企业基金、昆明市科技计划等项目20多项。申报国家专利20多项。昆明理工恒达科技有限公司拥有先进的生产技术和生产设备，成熟的生产工艺和齐备精准的检测设备，公司主要从事以下几个领域的研究开发和生产：1、冶金节能新材料(铜电解精炼或电积用不锈钢阴极板，有色金属电积用高性能节能惰性阳极板、铝阴极板)；具有年产不锈钢阴极板5万片和惰性阳极板10万片的产业化生产线。2、有色金属特种功能粉体材料(银包铜粉、银包镍粉、银包铝粉、铜包铁粉、片状和球状超细铜粉、片状和球状超细银粉、纳米铜粉和纳米银粉)；具有年产银包铜粉100吨，低松比片状银粉10吨，片状铜粉200吨的产业化生产线。3、电子浆料(电磁屏蔽涂料、低温聚合物浆料，导电油墨、导电涂料、非金属电镀专用电镀漆)，具有年产导电涂料10吨的中试生产线。4、表面工程技术(海军武器配件，烟机配件等的表面强化处理)。,"新型节能降耗电极材料,新型高效储能材料的研发,设计,制造,销售和技术服务等业务"
831167.BJ,公司是世界领先的绿色家用电器和健康电子产品系统方案服务商，公司打造了国际水平的研发团队和制造团队，拥有超过110项自主知识产权，和超过一万平米的制造基地，随时可提供高质量，高竞争力的产品，赢得了高端客户和优质供货商的认同和支持，在全世界范围，已经有超过一亿台使用鑫汇科“中国芯”的产品服务于广大人群。,"家用电器智能控制技术及其产品应用,半导体元件分销"
831195.BJ,公司是一家集专门研究、开发、生产、销售和服务于一体的汽车、摩托车橡胶软管及总成的高科技公司。公司主营业务生产各种汽车、摩托车配件，主要产品有：制动管及总成、动力转向管及总成、空调管及总成、油冷器管、燃油管、水管等。公司产品具有独特的工艺和技术配方，产品技术标准在国内同行业中处于领先水平，产品不但为国内多家汽车制造厂及摩托车制造厂配套，而且远销北美、欧洲、东南亚等多个国家和地区。公司拥有国际领先的汽车橡胶软管生产技术和设备，并与国内多家知名研究机构和检测中心联合研发新产品。为适应汽车工业不断发展和开发新技术、新产品的需要，公司设有研究开发中心和产品检测试验中心，专门进行新材料、新产品、新工艺的研究开发，并具有测试、实验产品各项性能的能力。公司已通过TS16949认证、ISO14001:2004、3C认证、DOT认证等质量管理体系认证。,"公司专注于研制,生产和销售汽车,摩托车用橡胶软管及总成产品,为国外汽车后装市场提供配件,为国内外汽车主机厂商提供配套产品,产品涉及汽车,摩托车制动系统软管及总成,低渗透加油口管,空调管及总成,汽车动力转向系统软管及总成,金属连接件等."
831278.BJ,公司主要生产高品质要求的汽车发动机轮系专用轴承：汽车空调压缩机电磁离合器轴承、汽车发动机涨紧器轴承及单元和惰轮轴承及单元、汽车发动机智能风扇电磁离合器轴承、汽车硅油风扇轴承、汽车水泵轴连轴承、汽车发动机辅助装置用精密轴承、割草机离合器轴承等，年生产能力超过1200万套。青岛泰德不断强化自主研发力量，具有完备的与客户同步研发能力及设施，形成泰德核心技术，属市级技术中心。公司目前拥有十几条全自动精加工生产线，品质水平能够替代国际同类产品。产品主要配套于国内、外著名主机厂，其中：汽车空调压缩机电磁离合器轴承是国内首家进入OE配套的制造商，多年来产品市场占有率持续第一，是中国重要的汽车空调轴承生产基地，并批量出口美洲、欧洲、日本、东南亚及中国台湾地区。,"汽车轴承研发,生产,销售"
831304.BJ,公司具有以下各类资质：电力、房屋建筑、化工石油、机电安装等4项工程施工总承包一级资质，市政公用工程施工总承包二级资质；钢结构、消防设施、防腐保温、建筑智能化、电子等5项工程专业承包资质；承装(修、试)电力设施资质；1级锅炉安装改造、压力管道安装、压力容器安装、起重机械安装维修、计量、安全培训等资质。并取得了对外承包工程经营资格和中国合格评定国家认可委员会实验室认可证书。公司守合同，重信用，工程质量达到同行业先进水平，创出了一大批省优、部优、国优工程。公司3次获得国家建筑工程质量最高奖——“鲁班奖”(国家优质工程)，并荣获中国建筑业协会“创鲁班奖工程特别荣誉企业”称号；施工总承包的兖矿国泰化工项目荣获国家工程建设质量最高奖——国家优质工程金质奖，并荣获“新中国成立六十周年百项经典暨精品工程”称号；荣获“中国电力优质工程奖”、“中国安装之星奖”等；公司除获得几十项省内工程质量最高奖——“泰山杯”外，还多次荣获外省、市、自治区授予的工程质量最高奖，如“天山奖”、“扬子杯”、河北省“优质工程奖”等。,"硝酸,硝酸钾,硝酸镁的研发,生产及销售"
831305.BJ,公司主要从事工业无线遥控设备的研发、制造、组装、销售和服务，包括自主欧姆品牌工业无线遥控设备的研发、生产与销售，德国HBC品牌工业无线遥控设备的二次开发、国内组装与国内销售，仓储自动化软件的研发与销售，以及为客户提供配件及维修服务。公司所销售的工业无线遥控设备主要用于工程机械、工程及工业起重机械、港口机械、铝电解多功能机组及其他特种机械等领域。公司的商业模式为进口德国HBC公司工业无线遥控设备，根据本土化需求进行二次开发、按德国HBC公司技术规范组装、调试及检测，在国内市场销售；在自主品牌重庆欧姆已掌握技术的基础上，结合公司原有二次开发技术积累，借助公司客户资源及渠道优势，公司开始自主欧姆品牌的建设及产品推广。,"工业无线遥控设备的研发,制造,销售及进口工业无线遥控设备二次开发,组装,销售及技术服务"
831370.BJ,公司致力于建设美好人居环境，是一家专业的城乡环境综合服务商。公司以满足人民日益提升的人居环境要求为宗旨，不断拓展服务体系，提升主动管理能力，逐步形成了以环卫服务为基础，以垃圾分类收运及处置、绿化工程服务等服务为延伸的综合服务体系。当前，在国家不断深化改革的背景下，政府提出公共服务市场化改革，加大在公共服务领域政府购买公共服务项目的力度。未来，公司将继续以建设美好人居环境为奋斗目标，在农村环境整治、城市垃圾分类收运等社会需求强烈的领域提供综合解决方案。,"城乡道路及社区生活垃圾清扫保洁,收集;生活垃圾分类,生活垃圾(含餐厨垃圾)经营性运输,处置;城市园林绿化管护,施工;物业管理;清洁服务;公厕管理;水域清漂;疏浚清掏;绿色植物种植和销售等."
831445.BJ,公司是以竹为主材的家居行业，专注从事竹家居用品的设计、生产及销售。秉持“以竹材为中心，以混合材料发展为方向，以技术创新和信息化为驱动力”的战略方针，在巩固公司现有竹家居业务的基础上，加大对混合材料领域业务的开拓力度。未来通过对竹材的深度研究，将竹与钢、木材、陶瓷、塑料等多种材料结合，制造更易于市场接受、受众范围更广的竹产品。公司重视技术研发，拥有自身稳定的研发团队。经过多年的研发积累，公司逐步形成自身的技术优势。截至本公开发行说明书签署日，公司已拥有多项专利。,"竹家居用品,竹新材料及竹快消品的研发,生产和销售"
831526.BJ,公司是国内较早生产电子粉末包封料的企业之一，公司的主导产品环氧粉末包封料在市场处于优势地位，已经成为国内环氧粉末包封料产品系列较为齐全、规模较大、技术实力和营销能力突出的行业知名企业，在行业竞争中占据主动和有利地位。目前国际顶级的电子元件制造商均采用公司的产品，例如日本松下电器产业株式会社、厦门TDK有限公司、爱普科斯电子元器件(珠海保税区)有限公司、舜全电气器材(东莞)有限公司、广州汇侨电子有限公司、广东风华高科、厦门法拉电子股份有限公司等业内知名制造商。,"电子封装材料的研发,生产与销售"
831641.BJ,公司是一家专业从事照明产品的设计、研发、生产、销售、施工及服务于一体的国家级高新技术企业，拥有LED商业照明、LED道路照明、LED景观照明、LED太阳能照明、LED特种照明、LED智能控制系统及其零部件等系列产品，并获得多项自主知识产权。客户遍及美国、欧洲、东南亚、中国香港等国家和地区。公司先后获得“高新技术企业认定证书”，“高新技术产品认定证书”，“AA级重合同守信用企业”，“实用新型专科证书”，“技术创新基金立项证书”，“江苏省质量信用产品证书”等荣誉。,"照明产品及磁性器件的研发,生产和销售."
831689.BJ,公司主要生产轴流、离心、斜流三大系列上百个品种的通风机，产品涵盖轨道交通风机、冷冻空调用风机、轨道交通风机、船用风机、核电用风机、屋顶风机、冷却塔用风机、海上钻井平台用风机等，产品获得过山东省名牌产品、山东省著名商标等荣誉称号。公司是铁道部认定的和谐号机车用、动车用以及高铁用风机供应商，是铁道行业2项部颁标准编写单位，是风机行业首家通过IRIS体系、AAR体系国际标准认证及CRCC认证的企业，也是中国风机行业首家通过GE风机产品设计认证的企业。目前公司的主要客户除了GE、阿尔斯通、西门子、庞巴迪、阿特拉斯、斯必克、卡特彼勒、BAC、基伊埃等全球知名五百强企业之外，还包括中石油、中国南车、中国北车、首都钢铁、中船重工等国内知名企业。,"主要从事轨道交通通风冷却设备,能源通风冷却设备,海洋工程和舰船风机,冷却塔和空冷器风机,制冷风机等中高端装备行业通风设备产品及系统的研发,生产,销售及相关检修服务"
831726.BJ,公司主要业务为腐乳、料酒的生产和销售。公司自成立以来，秉承“产品源于人品，诚信成就未来”的理念，竭诚为广大消费者提供安全健康、营养丰富的调味品，形成了以生产腐乳为主、料酒为辅的调味品产业线。近年来，公司获得多项荣誉，先后荣获“2009年度自主创新先进企业”、“市级重点龙头企业”、“省级重点龙头企业”、“吉林省农产品加工业百强企业”，其“朱老六腐乳”荣获2013年长春名优特农产品称号。,"腐乳,酸菜和料酒产品的研发,生产,销售"
831768.BJ,公司拥有覆膜板、预涂板、拉丝板及压花板四大产品种类，共20多个系列，1000多个花色品种的产品，已成为国内品种最为齐全，种类最为丰富的专业生产厂家，依托雄厚的技术基础以及优越的设备条件，凭借敏锐的市场嗅觉、超前的开发意识以及高效的开发速度，拾比佰将继续引领行业的发展风向及高度；是国内最早规模生产金属外观复合材料的中外合资生产企业；国内最大的金属外观复合材料生产厂家之一，加工能力达10万吨/年；国内最早拥有计算机全数字自动控制的覆膜、预涂板生产线的金属外观复合材料生产企业；率先在行业内推行ISO质量和环境管理体系，并荣获“高新技术企业”称号；多项技术及产品领先同行；不断创新，已成为拾比佰持续发展的原动力。,"金属外观复合材料,主要包括覆膜板(VCM),预涂板(PCM),轻量化金属复合板(MCM)"
831832.BJ,公司成立于2000年10月。于2021年11月在北交所上市，是北交所第一批上市公司，也是北交所智慧矿山第一股。公司下设8个子公司，有五个高新技术企业。公司主营业务是应用工业互联网技术体系，向客户提供矿山数据监测与自动控制系统、市政数据远程监测系统、自动控制相关产品和365在现(线)自动化技术服务，解决客户对于生产过程中的智能化改造和自动化控制的需求，主要应用于智慧矿山、智慧市政等领域。公司获得国家教育部科学技术发明二等奖、国家民营科技贡献一等奖、山西省科技进步一等奖、山西省科技进步二等奖、山西省专利奖三等奖、中国煤炭工业科学技术二等奖、全国煤炭行业设备管理创新成果特等奖及煤炭行业两化深度融合优秀项目等科学技术奖项20余项；承担国家级科研项目、省级科研项目共30余项；参与制订行业标准2项、参与制订多个山西省地方标准。截至目前，已取得知识产权256项，其中发明专利18项，实用新型专利118项，软件著作权100余项。公司获评国家级智能制造试点示范单位、大数据产业发展试点示范单位、建议支持的国家级专精特新“小巨人”企业、国家高新技术企业、省级企业技术中心、矿山特种机器人省技术创新中心、山西省科技成果转化(智能化矿山)示范企业、全国优秀民营科技企业等荣誉称号。,"是应用工业互联网技术体系,向客户提供矿山数据监测与自动控制系统,市政数据远程监测系统,自动控制相关产品和365在现(线)自动化技术服务,解决客户对于生产过程中的智能化改造和自动化控制的需求,主要应用领域为矿山,市政等领域."
831834.BJ,公司专业从事输送机械配件产品的研制开发、生产、销售与服务的制造型企业，产品涵盖工程塑料、橡胶及金属制品类，拥有多项自主知识产权，可提供较为齐全的散状物料输送配件配套产品及系统服务。主要产品为畚斗、提升带、畚斗紧固螺钉、提升带连接器、输送带、缓冲条、托辊、塑料刮板、输送链条、链条托轮、清理块、推料块、清理跳球、高分子耐磨型材。,"输送机械配件产品的研制开发,生产,销售与服务"
831855.BJ,公司是一家专业研究、制造各类工业、商用、民用高压和超高压冷、热水清洗机、高压泵以及手动、机动植保机械的股份制企业，是中国农业机械工业协会植保和清洗机械分会的副理事长单位。公司已取得7项国家发明专利，主持或参与制定了8项清洗、植保机械类国家(行业)标准，是我国清洗机与植保机械行业的知名企业，尤其在高压清洗机领域具有较高的行业美誉度。,"清洗机及清洗机用泵;喷雾器,喷雾机及喷雾机用泵;喷射系统及功能附件的研发,生产和销售"
831856.BJ,公司拥有各种生产设备、大型工具300多台套，具备年产1000辆消防车的制造能力。可以制造灭火类、专勤类、后援类、举高类、特种消防车以及警用车辆全部系列产品80多个品种。产品销往国内30多个省市区及南美、中亚、东南亚、非洲等多个国家和地区。公司通过了IS09001—2000版国际质量体系、环境管理体系、职业健康安全管理体系的认证，国家消防评定中心的3C认证，国家级“守合同·重信用”单位，是国家高新技术企业，安徽省级企业技术中心，安徽省优秀民营科技企业，劳动保障优秀诚信单位，银行“AAA”级信用单位。为了确保消防车质量，企业从产品设计到材料采购、制造、出厂检验及售后服务均严格遵循质量体系控制程序。公司建立了完善的质量保证体系，拥有一支技术精湛的售后服务队伍，长期坚持优质服务，为提高服务质量及工作效率，公司先后在大庆、呼和浩特、西安、兰州、昆明等地建立了售后服务特约维修站，为用户提供及时有效的售后服务保障工作。,"公司是一家主要从事消防应急救援装备研发,生产,销售以及相关技术服务的企业.自成立以来,公司一直致力于为国家综合性消防救援队,政府专职消防队以及石油,化工,电力,煤炭,机场等单位专职消防队提供罐类,举高及特种类消防车产品."
831906.BJ,公司主要从事精密、多腔等注塑模具设计制造和塑料制品的加工生产，是一家集模具设计研发制造，产品开发、制造加工组装等诸多功能于一体，并引进现代化企业管理模式的企业。主要产品是汽车、家电、工业用注塑模具和汽车内外饰和超市防盗注塑产品。内部管理实施了ISO9001和TS16949质量管理体系，并建立了信息化平台、导入了ERP管理。公司的研发设计能力和加工制造能力在同等规模的同行中处于领先地位，已充分具备了进入国际行业市场的竞争能力。建立了包括世界500强企业在内的客户群体，与通用、奥迪、福特、大众、麦格纳、格拉默、江森、北汽、奇瑞、延锋伟世通等一线主机厂建立了良好的合作关系。,"汽车内饰功能件,模具,AGV集成解决方案"
831961.BJ,公司专注于研发无线通信与射频微波测试仪器。经过多年的发展，公司重点拓展无线通信市场、无线电监测和北斗导航市场、以无线通信为主的智能制造市场三个方向，拥有了自主品牌和一系列测试仪器核心专利技术。在无线通信和射频微波测试领域，公司经过多年发展形成了较强的自主研发能力，并通过持续的研发投入及参与国家科技重大专项研发课题，积累了较强的技术优势。公司拥有多项发明专利、实用新型专利、外观设计专利.公司从2012年起先后牵头承担了国家“新一代宽带无线移动通信网”科技重大专项课题开发任务、上海市软件和集成电路产业发展专项、新一代信息基础设施建设信息化发展专项、上海市产业转型升级发展专项(工业强基)、战略性新兴产业发展专项、科技创新行动等科研任务，还承担了上海无线通信测试仪器工程技术研究中心的持续建设任务。2016年12月，公司获得“国家科学技术进步奖”特等奖。公司作为IMT-2020(5G)推进组成员，全面开展5G通信测试技术的研究，推出了5G信号源、5G信号分析仪、5G扫频仪、5G信道模拟器等一系列面向5G的产品及测试解决方案，核心竞争力不断提升。,"公司主要产品包括信号模拟与信号发生系列,信号分析与频谱分析系列,矢量网络分析系列,无线网络测试与信道模拟系列,无线电监测与北斗导航测试等系列测试仪器与解决方案"
832000.BJ,"公司主要从事汽车滤清器的研发、生产和销售，公司产品主要为汽车滤清器，包括空气滤清器、空调滤清器、机油滤清器和燃油滤清器四大系列，共6,000多个品种，广泛应用于乘用车、商用车售后服务市场。公司产品“环保型旋装式机油滤清器”被认定为安徽省2013年度重点新产品和安徽省高新技术产品。2011年公司被慧聪汽车配件网授予“十佳滤清器民族品牌”称号,2012年度、2013年度公司被慧聪汽车配件网授予“十佳滤清器知名品牌”称号，2014年度公司被中国汽车配件用品行业总评榜组织委员会授予“中国汽车用品行业十大驰名品牌”称号。","汽车滤清器及过滤材料的研发,生产和销售"
832023.BJ,公司主要从事热带果蔬原料制品的研发、生产和销售，主要产品包括原料果汁、速冻果蔬、鲜果等。公司原料果汁产品包括浓缩果汁、NFC、调配果汁等多种形态和规格，掌握芒果、西番莲、荔枝等四十多种果蔬加工工艺，公司聚焦热带果蔬产地加工，在广西北海、海南定安、四川攀枝花、湖北荆门拥有四个现代化工厂，产能布局涵盖中国热带果蔬主要产区。公司以客户需求为导向开展产品创新、服务创新和模式创新，深度融入下游客户供应链、创新链和价值链，为客户提供“产品+配方+服务”的一站式解决方案。,"果蔬原浆,速冻产品,果蔬汁饮料等,鲜果销售"
832089.BJ,"公司一直致力于通过技术进步拓宽改性塑料产品在工业中的应用,现在公司已发展成产品应用领域以汽车零部件为主，同时涵盖家电、通信、电动工具、电气、交通运输等领域的规模性企业，并获得国内多个知名厂商的认证，成为国内改性塑料行业最具研发实力和规模生产力的专业服务商之一。公司目前拥有4项发明专利、10项实用新型专利，并先后承担和完成了多项国家火炬计划项目，还先后被认定为“苏州汽车零部件产业基地”、“江苏省工程技术研究中心”、“江苏省长玻纤增强改性塑料工程技术中心”，是获得江苏省科学技术厅、江苏省财政厅、江苏省国家税务局、江苏省地方税务局共同认可的高新技术企业。","改性塑料的研发,生产,销售"
832110.BJ,公司主要从事LED控制器的研发，生产和销售。包括LED智能照明解决方案的设计、控制技术的研究开发、嵌入式软件的设计开发等。公司主要产品为LED控制器，LED控制器为LED智能照明系统软硬件的中枢，包括LED驱动、控制器、网关及各类接口等组件。产品用于实现对室内外LED智能照明设备的启动、强弱调节、色彩调节、定时控制、场景设置等功能。公司产品主要销往欧美国家。公司已在2010年取得SGS公司颁发的ISO9001:2008质量管理体系认证，同时每个系列产品都通过了CE、FCC、RoHS标准检测，达到欧盟标准。,"主要从事智能电源及LED控制器的研发,生产与销售"
832145.BJ,公司是从事科技产品开发、工业产品应用推广、工程项目实施的综合性企业。主要为石油、石化企业提供加油站油气回收设备、液位量测设备、油气回收在线监控系统等产品，是相应国家标准、地方标准起草的参与单位；公司具有防雷工程专业乙级设计、施工资质，为通信、电力、铁路、石化等系统提供专业防雷设计和工程施工；同时为各种工业行业提供各类橡胶软管、膨胀节、加油/液/气枪，是国内重要的产品供应商。公司主要应用技术、设备为EAFEX、FAFNIR、DUERR、DEHN等德国著名厂商的品牌产品，具有国内最高级别的代理商资格以及特约维修服务商资格。通过与德国相关公司的研究开发合作，在中国建立了统一的技术销售平台，并拥有了公司自主开发研制的系统设备及产品。,"目前公司的主要产品包含加油站及油库油气回收在线监测系统,在线监测数据管理平台,加油站二次油气回收系统,加油站三次处理系统,液位量测系统,渗泄漏检测系统及检测服务等.主要为石油石化企业,环保部门提供油气回收在线监测及数据服务和VOCs综合解决方案,并为客户提供设计,研发,生产,安装调试,数据分析,第三方检测等服务."
832149.BJ,公司主要业务为嵌入式微控制器、无线传感网智能产品的研发、生产和销售以及其他电子元器件的销售。公司的主要产品为各种类型的单片机(微控制器)、集成电路和其他电子产品。公司产品应用涉及到的下游产品为各类仪器仪表(如智能电表、智能水表、智能热表和智能气表)、血糖仪、医疗诊疗设备、3D眼睛、室内智能控制面板、停车系统、烟雾感应报警等设备。公司获得国家重点支持领域高新技术企业、国家电子信息产业基地实训中心、国家火炬计划项目、浙江省高新技术企业、利尔达物联网嵌入式技术省级高新技术企业研究开发中心、浙江省著名商标、浙江省专利示范企业、浙江省信用管理示范企业、浙江省创新型试点企业等20多项政府认证及荣誉。,"公司主营业务为IC增值分销业务和物联网模块及物联网系统解决方案的研发,生产和销售."
832171.BJ,公司是一家主要提供系统集成服务的一体化IT服务企业。客户群体较为分散，分布在政府、教育以及其他各类企事业单位。服务的内容为基础咨询、技术支持、IT产品销售、系统集成、IT服务租赁以及售后服务。目前，公司已发展成为廊坊市优秀的一体化IT服务商之一，在系统集成领域具备良好的口碑，是当地代表性企业；是拥有自主产品、通过相关资质认证、业务链完整的企业之一。,"智慧城市业务,运维及服务,硬件销售"
832225.BJ,"公司是一家集科研、生产、销售为一体的具有自主进出口权的国家级高新技术企业。公司主营产品为LETONE-PIKES,LETONE-RIVULET,LETONE-CHALLENGER三大系列钢丝增强橡胶软管，以及134a汽车空调软管，耐热蒸汽软管，耐磨喷砂软管，各类橡胶软管总成。公司先后引进德国Mayer钢丝编织机6台，意大利OMA缠绕生产线1条，韩国seijin钢丝缠绕生产线6条，日产30吨的全自动混炼胶生产线1条，具有钢丝编织胶管日产5.6万米，超高压钢丝缠绕胶管日产1.5万米的供货能力。公司先后从韩国、德国、英国引进技术创新团队，同时与青岛科技大学高分子与材料学院联合组建超高压胶管研究中心，完成了《高性能钢丝缠绕液压胶管用内、中、外胶混合材料》、《高压钢丝缠绕胶管骨架层工艺研究》、《高脉冲高压钢丝缠绕胶管研究》以及《中压高脉冲钢丝编织胶管研究》等省、地级科研项目16项，现有发明专利11项，实用新型专利23项，省级科技成果4项。","高中低压橡胶软管及软管组合件的研发,生产和销售"
832278.BJ,公司主要从事以家用医疗器械为主的医疗器械及保健护理产品的研发、生产和销售，主要产品包括：血压计、雾化器、听诊器和冲牙器等。公司产品大多数应用于家庭，为广大家庭和个人消费者提供家庭血压监测、呼吸道疾病治疗、口腔清洁保健等功能，帮助消费者进行相关疾病的监测、预防和治疗，积极进行健康管理，提高身体健康水平。公司目前以境外市场为主要销售区域，产品已出口至欧洲、亚洲、美洲等区域的全球多个国家和地区。机械血压表、听诊器、电子血压计、雾化器等出口销售额在境内企业均遥遥领先。,"医疗器械及配件的设计,生产与销售;家用电子产品及配件的设计,生产与销售;泵,阀门,压缩机的生产与销售;网络技术,信息技术的开发,咨询,服务与转让;从事医疗器械技术咨询;自营和代理上述商品的进出口业务,但国家限定公司经营或者禁止进出口的商品除外."
832419.BJ,公司主要从事宠物食品的生产和销售。公司的产品种类丰富，全面覆盖宠物食品领域。其产品主要包括肉干产品、宠物罐头、宠物饼干、宠物洁牙骨饲料等大类，各个大类下细分为多个品种。公司紧跟市场走向，产品更新迅速，多区域渠道布局，销售增长强劲。公司积极跟踪市场最新发展情况，根据市场动向决定生产和销售，快速反应，及时开发新品种以应对市场流行趋势，满足消费者需求，把握市场机遇。同时设立研发部，专门改进产品以及试验新产品。研发部门的技术人员及时与公司销售部门沟通，了解国内外客户最新的产品需求，同时与生产、质检等部门进行产品研讨，并通过车间试验生产，及时推出新的品种。当前公司重点公关欧、美、日、韩等发达市场主体，同时积极开拓俄罗斯、印度、东南亚、拉美等新兴经济体市场，多区域、多举措并举，确保公司产品对外出口市场份额。并且公司高度重视网络销售，通过开设天猫旗舰店以及与京东等大型电商合作等方式积极推广公司产品。总体来讲，通过在国外、国内两大市场领域的积极运作，当前公司已经完成销售渠道的多区域、多市场布局，整体销售规模快速增长。,"生产,销售:宠物食品,单一饲料;销售宠物用品,从事宠物食品,单一饲料的研发."
832491.BJ,公司是专业从事敏感元器件和传感器及相应模组的研发、设计、生产和销售于一体的高新技术企业，具体业务包括传感器元器件及模组、换能器元件及模组和电声元器件等产品的研发、生产、销售等。公司先后被认定为“高新技术企业”、“中国电子元件行业协会敏感元器件与传感器分会理事单位”，“广州市小巨人企业”和“广东省第一批重点创新帮扶高成长性中小企业(上市培育企业)”，获得“电子元件行业百强企业”和“2012年福布斯中国最佳潜力企业”称号，具有较高的业内知名度和美誉度。,"智能传感器和执行器及相关应用的研究,设计,生产和销售"
832566.BJ,公司是以药品的生产与营销为主的专家型民营科技企业。公司旗下药业有限公司、医药贸易有限公司、大药房连锁有限公司，医药贸易有限公司下设物流配送中心、药品批发部和新特药分公司。公司主要生产硬胶囊剂、颗粒剂、片剂、散剂、搽剂和软膏剂。公司常年生产阿咖酚散、婴儿健脾散(曾用名婴儿素)、鱼腥草素钠片、安乃近片、风油精、清凉油以及水溶性维生素片等三十多个普药品种，2006年上市的新药胞磷胆碱钠片(化学药品第四类，治疗颅脑损伤或脑血管意外所引起的神经系统的后遗症)和苯甲酸利扎曲普坦胶囊(化学药品第3.1类，是治疗中到重度偏头痛患者的特异性药物)，均属于国家级新药；公司正在逐步形成以生产新特药为主，普药为辅的产品格局。,"生产,销售:片剂,硬胶囊剂,搽剂,散剂,软膏剂,中药饮片,口服混悬剂;开发,研制药品;种植,销售,收购:中药材(不含甘草,麻黄草)."
832662.BJ,公司自成立以来一直致力于铝制板翅式换热器及相关产品的研发、生产和销售。板翅式换热器是一种以翅片为传热元件的换热器，具有传热效率高、结构紧凑、重量轻、体积小等特点，广泛应用于工程机械、风力发电、机车、压缩机、石油石化、液压系统等多个领域，市场前景广阔。公司多年来在换热器制造领域积累了丰富的产品开发和制造经验，与客户建立了长期稳定的合作关系。,"板翅式换热器和换热系统的研发,设计,生产和销售"
832735.BJ,"公司专业从事内分泌、心血管等疾病治疗药物及其原料药的研发、生产和销售,并于2013年通过新版GMP认证。公司坚持“以特色求发展”的发展战略，致力于不断提高“三高(高血糖、高血脂、高血压)”人群的健康水平和生活质量。目前销售的品种有：国家1类新药“瑞彤”(盐酸吡格列酮片)；国家2类新药“唐瑞”(那格列奈片)；国家3类新药“复瑞彤”(吡格列酮二甲双胍片)、“波开清”(坎地氢噻片)、盐酸二甲双胍缓释片、甲钴胺胶囊等。其中，“波开清”为国内独家开发、“复瑞彤”为国内首研。德源早期产品“瑞彤”、“唐瑞”质量和疗效得到社会的广泛认可。","主要产品包括盐酸吡格列酮片,那格列奈片,吡格列酮二甲双胍片,坎地氢噻片,盐酸二甲双胍缓释片,甲钴胺胶囊以及盐酸吡格列酮,那格列奈,苯甲酸阿格列汀,安立生坦原料药等."
832802.BJ,江苏保丽洁环境科技股份有限公司，自2004年成立以来，一直致力于商用油烟净化设备、工业油烟净化设备的研发、制造与销售。保丽洁是国内油烟净化行业首家上市的企业(股票代码：832802)。经过十五年的发展，产品畅销全国34个省市自治区，并出口20多个口岸及国家。江苏保丽洁拥有多项自主知识产权，授权专利59项。其中21项国家发明专利、22项实用新型专利、16项外观专利。软件著作权10个，2个产品被列为国家火炬计划项目。保丽洁油烟净化器采用先进的双区窄间距静电技术，具有耗电少、效率高，体积小，重量轻、易清洗的特点。并采用嵌入式计算机技术，将十多年油烟净化经验转化成计算机程序，时刻跟踪并调整工作状态，使净化器稳定并发挥最大的效率。产品通过欧盟CE认证、美国Blue Heaven Technologies检测，净化效率超过国际同行1.79百分点。,"静电式商用油烟净化设备,静电式工业油烟净化设备"
832876.BJ,公司是一家方案设计公司(IDH)及ODM制造商。我们致力于提供客户嵌入式的软硬件解决方案。为知名品牌商及OEM客户提供我们专业的产品设计服务与制造，包括产品规划与定义，软硬件开发，ID及MD设计以及PCBA的制造与系统集成。设计的产品涵盖多个不同领域，包括：教育电子，汽车电子，通讯及网络，消费电子及工业产品。这些高品质的产品及性能都达到了主流市场标准。,"公司主营业务产品的终端领域覆盖消费电子产品,商用IoT智能终端等,其中,消费电子产品主要包括平板电脑,笔记本电脑及云存储终端;商用IoT智能终端包括智慧零售终端,网络及视频会议终端,智慧安防终端,工业控制终端等多领域终端设备.此外,公司还有少量基于芯片销售的解决方案业务,主要是为客户提供基于该芯片完整的软硬件解决方案,包括PCBA设计,实现满足客户要求的特定功能的软件设计等."
832885.BJ,公司是一家民营军工企业，具备完整的军工资质，为航天/军工、新能源以及工业自动化领域提供各类高端伺服系统、智能控制系统。公司集伺服电机、伺服驱动器、智能控制系统的研发、生产、销售、服务于一体，既可满足批量供货，也可响应个性化定制。公司多年来致力于伺服控制、伺服电机、电磁兼容、消隙控制、装备智能化控制，产品多次服务于国家重点工程，如“天宫”、“神舟”系列飞船测控、发射系统、火炮控制、雷达、卫星通讯等。公司另有工业级产品服务于风电变桨、新能源车、液压伺服、机器人等工业自动化等领域。,"随动控制总成,伺服驱动器,伺服电机等装备自动化及智能化产品的研发,生产,销售."
833075.BJ,公司创建于2008年(系承续原深圳市柏星龙包装设计有限公司基础上设立的新公司)，是一家专业从事酒类产品包装设计、研发、规划、生产于一体的文化创意型服务机构。经过多年努力，柏星龙已成为中国酒类包装行业内规模最大、服务体系最完整、获得联合国包装组织(WPO)“世界之星”包装设计奖项最多的酒类包装创意公司。并被评为深圳市“甲级设计单位”、“深圳包装协会常务理事单位”、“第九届深圳市知名品牌”、“深圳市罗湖区重点文化企业”、“国家高新技术企业”、“2011年度中国包装百强企业”、“2011年度中国纸包50强企业”等。,"公司主要为酒类,化妆品,茶叶,食品为代表的中高端消费品客户提供“品牌策略规划,创意设计,技术研发,产品交付”四位一体的专业创意包装设计及包装印刷纸品服务."
833171.BJ,公司主要经营干散货运输业务，包括国际远洋干散货运输、国内沿海以及内河干散货运输。国内沿海及内河运输方面，公司主要以电煤运输为主，是国内沿海电煤运输量最大的企业之一，同时积极拓展社会煤炭、粮食、钢材以及矿石等干散货运输市场。国际远洋运输方面，公司坚持远洋运输的战略思路，积极开辟远洋运输市场，为客户提供煤炭、粮食、矿砂、化肥、钢材、木材、农产品等货物的国际海上运输服务，航线遍及多个国家和地区，通过不同的船型和周到的服务，来满足客户不同的需求。目前已形成了以干散货运输为主业，涉及船舶管理、煤炭销售、融资租赁、航运咨询、货运代理等多元化产业经营模式，已成长为国际国内干散货运输市场上的重要力量。,"国际远洋,国内沿海及长江中下游的干散货运输业务"
833230.BJ,公司自2010年成立至今，主要从事植物提取物的纯化、合成及纵深开发，包括枳实提取物深加工产品系列、槐米提取物深加工产品系列、青蒿提取物深加工产品系列以及综合产品系列的研发、生产和销售。丰富的资源优势，近二十年的植提经验团队，近十年朴实无华的基础工作，成都欧康以高于30%的年增长速度领先于植物提取领域。800㎡的QC中心配备了HPGC、HPLC、TLC、UV、颗粒度分析仪、金属探测仪及微生物检测室等全套检测设备。可按CP、USP、EP、DAB等要求自主开展检测工作。QA建立了公司质量控制(管理)体系并负责监督及实施以确保整个生产流程符合GMP ISO9001ISO14001HACCP等管理体系。公司已通过美国RST的CGMP认证、KOSHER、ISO9001等认证。,"公司是一家主要从事植物提取物的研发,生产和销售的国家高新技术企业,并专注于包括槲皮素,芦丁,地奥司明,橙皮苷在内的天然黄酮类化合物植物提纯,合成,纵深开发与运用,产品广泛应用于保健品,食品添加剂,药品与化妆品等大健康及相关产业.主要产品为槐米类,枳实类,综合类植物提取物,具体产品包括槲皮素,芦丁,地奥司明,橙皮苷,黄连素等"
833266.BJ,公司主要从事于灯盏花系列药品的研发、生产与销售，主要产品以灯盏花为基础原料，运用现代精深加工技术实现灯盏花有效成分在药用领域的产业化应用，主要产品灯盏生脉胶囊和灯盏细辛注射液为治疗心脑血管疾病的中成药。具特色的是灯盏细辛系列产品，以灯盏生脉胶囊、灯盏细辛注射液为主导产品。公司拥有较强的技术研发和创新能力，并一贯重视对技术创新和研发的投入。在生产过程中，质量部门对生产全过程进行监督，对原辅料、中间产品、待包装产品和产成品的质量进行全程检测和监控。,"公司专业从事以植物药为主的药品,保健品的研发,生产及市场营销,以灯盏花系列产品为主,已上市产品有灯盏生脉胶囊,灯盏细辛注射液,灯盏细辛胶囊,灯盏花素片,灯盏花滴丸"
833346.BJ,公司前身上海威贸电子有限公司，是一家集研发、生产、销售、服务于一体的民营综合型企业。专业生产各类电子线束、注塑产品、电感线圈、PCBA电子线路板以及代理销售世界品牌连接器。公司于2000年就已通过ISO9001-2000质量体系认证、ISO14001国际绿色环保认证、TS16949汽车体系认证和美国UL认证。产品也均符合相关行业标准以及欧盟ROHS标准。公司一贯以技术创新为核心；以研发新项目、开发新产品为目标；采用网上销售模式，在全球知名搜索网站上均有搜索关键词，销售范围覆盖全球。公司凭借广泛的采购网络、充足的原厂货源、强大的售后服务系统为基础，能够全方位保证实现客户的最大利益。,"电子线束,注塑产品,电感线圈,PCBA电子线路板等各类电子产品的生产加工及销售"
833394.BJ,公司(原烟台美士达特种纸业股份有限公司)是在烟台泰和新材集团(原烟台氨纶集团)芳纶纸项目基础上组建而成的国有股份制企业，专业生产销售芳纶纸及其衍生产品，民士达股份的经营范围：芳纶纸及其衍生产品的制造、销售；货物和技术的进出口；以自有资金投资(未经金融监管部门批准，不得从事吸收存款、融资担保、代客理财等金融业务)。主营业务：芳纶纸及其衍生产品的制造、销售。,"间位芳纶纸系列产品,对位芳纶纸系列产品"
833427.BJ,公司是一家提供道路、桥梁、建筑、风景园林、城市规划、亮化等工程设计服务及多行业工程咨询服务(包括为公路、市政公用、建筑、医药、轻工、农业等行业编制项目建议书、可行性研究报告、申请报告、资金申请、规划咨询、评估咨询、招投标咨询等)的专业化公司。,工程设计及咨询
833429.BJ,公司是中国第一家集研发、生产、销售运动营养食品于一体，并提供运动营养技术服务的高新技术企业，长期以来一直为国家级专业运动员和大众健身人群提供安全有效的系列化运动营养食品和专业化技术咨询服务，经过近十年的飞速发展，康比特的市场份额稳居国内同行业榜首。2006年7月，康比特公司投资建设的“运动营养产业基地”将落成投产，产业基地将成为整合运动营养行业上下游企业的“产业孵化器”，产业基地的投入使用是我国运动营养行业向产业化方向迈进的重要标志。,"公司是一家集运动营养,健康营养食品研发与制造,数字化体育科技服务为一体的创新型体育科技公司,致力于为竞技运动人群,大众健身健康人群,军需人群提供运动营养,健康营养食品及科学化,智能化运动健身解决方案.公司的主要产品与服务为:运动营养食品,健康营养食品,数字化体育科技服务和受托加工业务等."
833454.BJ,公司(原许昌万向汽车传动轴有限公司)创建于2001年，坐落于许昌市民营科技园北园，占地面积80000平方米，2015年迁至许昌市经济技术开发区长庆街南侧，是专业研发制造各类汽车转向装置传动轴的大型企业。主要为轻、中、重及特种汽车、工程机械、轧钢机械、内燃机等产品配套。产品吸收德、美、日等国先进技术，设计新颖，性能稳定，畅销国内外，是同行业中生产周期最短，品种最齐全，服务最到位的专业化生产厂家。,"汽车传动轴,机械配件的生产,销售."
833509.BJ,"公司成立于1999年，公司主营业务是各种电子测试与测毋仪器的设计、研发、生产、销售和技术服务，以及解决方案的提供和实施，公司主要产品是元器件参数测试仪器：变压器、电机、线圏类测试仪：电气安规测试仪：电阻类测试仪器等电子测试仪器产品。公司产品广泛应用于工业电子制造、教育科研、通讯、军工和电力等领域，公司成立以来,一直致力于电子测试与测量仪器产品及技术的研发，绝大部分产品依赖自主研发与生产，在积累一定的行业和技术经验后，逐渐创立了自主品牌.近几年实现业务快速成长。公司已成为拥有自主知识产权的高新技术企业，是业内电子测试与测试仪器行业中产品线较全、品质较高、信誉良好的民族品牌电子测试设备制造商。","元件参数测试仪器,绕线元件测试仪器,电气安规测试仪器,电阻类测试仪器,电力电子测试仪器,台式数字多用表等电子测试与测量仪器的研发,生产,销售和技术服务"
833523.BJ,公司专注于锂锰电池、锂铁电池等锂一次电池的研发、生产和销售，为客户提供能量密度高、使用寿命长、适用温度范围广、绿色环保电池解决方案。公司主要产品为锂锰电池及锂铁电池，其中锂锰电池包括锂锰圆柱形电池产品系列及锂锰软包电池产品系列。公司产品主要应用于物联网、智能仪器仪表、智能安防、智能家居、GPS追踪器、RFID标签等领域，已获得UL、UN、CE、RoHS等多项认证。公司具有稳定的客户群体，并为其提供优质的服务。公司已与众多全球知名品牌公司建立稳定的合作关系。,"锂锰电池,锂铁电池等锂一次电池产品的研发,生产和销售"
833533.BJ,公司成立于2005年6月，公司主要发展沿革为：2015年9月新三板挂牌，2022年5月北交所上市。公司以汽车零部件的研发、生产、销售为核心业务，为汽车制造商及其零部件制造商等核心客户群体提供符合行业发展趋势及满足应用需求的零部件产品。经过十余年的发展，公司现已形成集产品同步设计、工艺制程开发、模具研发制造、精密注塑成型、金属部件加工、系统部件装配集成于一体的综合制造与服务能力，主要产品涵盖汽车塑料零部件、汽车金属零部件及配套模具等。通过多年的经营积累、持续的研发投入和技术创新，公司获得了全球领先汽车制造商及零部件配套企业的认可，并与其形成长期稳定的合作关系，服务的客户包括全球轴承巨头斯凯孚、全球汽车零部件百强企业安通林及安波福、全球领先的新能源汽车制造商、世界五百强企业广达集团及和硕联合，直接或间接服务的汽车制造商涵盖福特、捷豹路虎、通用、大众等欧美品牌，日产、丰田等日系品牌，以及吉利、比亚迪等国产自主品牌。在“以塑代钢”的背景下，公司以提供更具使用价值的汽车塑料零部件以迎合“汽车轻量化”的发展趋势，顺应以“碳中和”“碳达峰”为核心的绿色低碳发展理念，与多家国际知名企业建立了长期稳定的合作关系。随着新能源汽车产业的发展，新能源汽车的销量持续提升，诸如新能源汽车三电系统保护、支撑等场景应用的塑料零部件需求也不断增加。,"研发,生产,销售的主要产品为汽车塑料零部件,汽车金属零部件,以及配套产品制造所需要的模具"
833575.BJ,"公司创建于2008年4月,公司是注册于北京经济技术开发区的一家高新技术企业。公司由深圳市创新投资集团有限公司、北京天牛投资有限公司、北京江林威华生物技术有限公司共同投资兴建，是一家从事新型疫苗研究、开发和产业化的创新驱动型生物制药企业，在新型重组疫苗研发方面具有国内外领先的核心技术与研发能力。公司自成立以来，先后被认定为“北京市专利引擎试点单位”、“中关村高新技术企业”、“开发区企业创新中心”、“北京市科技开发研究机构”、“国家高新技术企业”，以及“开发区海外高层次人才创办企业”等。","基于结构设计的重组蛋白类生物制品研发,目前研发项目主要为系列人乳头瘤病毒(HPV)疫苗等."
833580.BJ,公司是集耐火材料研发、生产、销售和应用为一体的现代化民营企业。公司是经河南省科技厅等部门认定的高新技术企业，是河南省科技型中小企业、洛阳市科技企业以及红山乡年度功勋企业，获得福布斯中国100强潜力企业证书。公司通过了ISO9001以及GB/T19001标准要求的质量管理体系认证，获得A级纳税信用等级证书。此外，公司内部还制定了高于行业基本水平的产品质量安全监督管理体系，保证了产品质量安全。公司与中钢洛阳耐火材料研究院、武汉冶金科技大学、河南科技大学和郑州轻金属研究院等科研院校保持长期合作，研制、开发和生产了多种耐火材料，广泛用于冶金、有色、玻璃、陶瓷、水泥、石化、电力等行业；科学的生产工艺、先进的生产设备、精密的检测手段和严格的管理体系，是公司为客户提供优良产品和优质服务的坚实基础。,"发行人的主营业务是钢铁,有色等工业用耐火材料的研发,生产和销售.公司主要产品为功能耐火材料,不定形耐火材料和定型耐火材料,其中功能耐火材料是公司最核心的产品."
833781.BJ,公司始建于1987年，2003年改制为全资民营有限责任公司，现为四川省特祌设备安全管理协会副秘书长单位和压力容器工作部主任单位。公司座落在美丽的天府之国成都平原--青白江区工业集中发展园区，紧邻成绵高速、成都第二绕城高速，大件路(超大型设备可直通乐山水运码头)、成青快速通道和成都国际铁路集装箱中心站及物流园区，有十分便利的大型设备的运输优势。,"公司为高端过程装备专业提供商,主要从事大型压力容器,智能集成装置,油气钻采专用设备等产品的设计,研发和制造,电力专用设备的加工及锂电,核能工程施工等业务,能够为核能,新能源,石油化工,环保等领域的客户提供节能减排,清洁降耗的整体解决方案及综合服务"
833819.BJ,公司是以研发为基础、以市场需求为先导的农化产品供应商，主营业务为农药原药、中间体及制剂产品的研发、生产、销售和GLP技术服务。公司自成立以来秉持“担当、创新、协作”的核心价值观，以“让农化更好地服务于社会”为使命，经过多年的积累和创新，已形成品种丰富、工艺技术较为先进的除草剂、杀菌剂、杀虫剂三大品类百余种高品质产品，服务于ADAMA(安道麦)、CORTEVA(科迪华)、NUFARM(纽发姆)、LANXESS(朗盛)等众多全球大型植物保护跨国公司。,"农药中间体,原药及制剂的研发,生产,销售,GLP登记注册技术服务收入和生物技术研究开发."
833873.BJ,公司主营业务为工程设计、工程勘察、科研规划与工程项目管理业务，主要提供国内外城市建设领域内的全过程技术服务。公司主持《城市道路维护工程设计规范》等多项地方行业标准规范的制定以及《城市高速扩展中公路改城市道路关键技术研究》等多项国家建设部立课题，并承担了重庆市20余项重大科技攻关课题研究。公司先后获得“全国优秀民营设计企业”“中国最佳科技创新民营企业”“高新技术企业”等荣誉称号。,"工程勘察设计,工程检测及其他相关工程咨询服务,包括为市政,建筑,交通等行业提供勘察设计及工程检测服务,接受业主委托对工程项目进行项目管理,提供管理咨询服务等"
833914.BJ,公司主营业务为精密镍基导体材料的研发、生产和销售，主要产品用于锂离子电池、锂聚合物电池、镍氢电池、镍镉电池等二次电池产品中，作为精密导体为电池或电池组传输电力；或者作为原材料用于造币。上述各类二次电池最终用于电子产品及动力系统中，例如手机、笔记本电脑、电动工具、电动汽车和自行车、电动玩具，以及储能系统等。,"精密镍基导体材料和精密结构件的研发,生产和销售"
833943.BJ,公司是现代制造服务企业，为客户提供机械零部件产品的“一站式定制”服务。根据客户需求，提供与定制化机械零部件采购有关的全面解决方案，包括产品设计、工艺设计、产品改进、组织生产、过程控制、质量控制、物流运输及售后服务等全面制造服务。公司依靠创新的商业模式，较强的市场开拓能力，形成了良好的客户资源，已经逐步与世界各地一百多家机械行业的知名企业建立了良好、稳定的合作关系。公司在联盟体系中处于核心地位，是第三方制造商提升技术、管理水平的依赖，引领着第三方制造商参与市场竞争。公司目前已获得多项国家专利证书，并有多项专有技术正在申请国家专利。公司及控股子公司已取得了由BV、TUV和DNV等国际权威认证机构颁发的ISO9001/2000、CE/PED及API6D等相关国际认证。,"公司专业从事定制化机械设备及零部件的研发,设计,制造和销售,主要向客户提供油气化工类,工程矿山类,通用类,液压类机械设备及零部件和航空零部件精密加工服务."
834014.BJ,公司自1997年成立以来，一如既往专注于研发、生产、销售各类天然气输配专用调压、计量集成设备以及LNG应用的配套装备，经过多年的发展积累，已经形成天然气输配系统集成、核心零部件、LNG成套设备三大类，百余个品种的产品，涉及天然气的采集、输配、应用全过程；产品广泛使用于国内外各类天然气，发电、市政建设、清洁车辆等行业和领域，凭借过硬的质量保障体系和良好的客户口碑，占据了非常重要的市场份额，是同行业的领军企业。科技与创新是公司的立业之本，高素质人才是实现公司使命的唯一关键因素，具备特瑞斯特色的人才培养和选拔机制为公司的长久发展奠定了可靠的基础，自2002年始被持续认定为高新技术企业后，公司收获了一个又一个自有品牌和知识产权的成熟产品，实现了良性的可持续发展态势；依靠自身积累，建成了常州、北京两个现代化的专业工厂，1个省级工程技术中心，1个公司研发中心，与上海交大、中国石油大学、河海大学等知名高校建立了长期的产学研合作关系，保障公司始终处于领先技术的前沿，为公司再次腾飞插上了坚实的翅膀。,"标准系列中低箱式调压站,非标系列撬装式调压站两大类调压计量设备,LNG产品终端等"
834021.BJ,公司是一家电视频道综合运营服务商，主要提供卫星电视直播信号落地入网覆盖服务。(含专业卫星数字接收机研发及销售、电视剧发行、电视节目营销、电视广告代理等衍生业务)公司处于视听行业，属于电视+互联网领域，作为一家高新技术企业，利用自身的专业加密卫星接收技术，配合渠道决策分析技术，能有效降低覆盖渠道成本，扩充覆盖渠道，在获得大量卫视客户的认可后，产生了卫视客户的规模效应，又进一步掌握了渠道成本的议价能力。公司在卫视覆盖预算与实际渠道执行成本的价差中获得利润。在国家的政策支持下，三网融合推进迅速，公司业务从原有的单一的广电有线网络公司渠道扩充到交互式网络电视(IPTV)渠道和互联网电视(OTT TV)渠道。,电视频道综合运营服务
834033.BJ,公司主要从事金属萃取剂产品的研发、生产和销售.目前公司铜萃取剂产品已远销国际主要的金属铜产量国，国外客户走向多元化。在主抓国际客户的同时，公司在国内主动出击，依靠国内领先的技术和质量优势，迅速成为国内最大的铜萃取剂生产商，并逐步抢占国际巨头在国内的市场份额，取得了较好的效果。公司拥有36人的技术研发队伍，建设有市级研发中心－金属萃取工程技术研究中心，依靠强大的研发能力，根据客户矿石品位研发定制的萃取剂，目前已独立研发80多种金属萃取剂产品。,"铜萃取剂,新能源电池金属萃取剂和酸雾抑制剂,矿物浮选剂等其他特种表面活性剂"
834062.BJ,公司是一家专业从事高低压成套设备、变压器及高压电器元件的研发、制造和销售的国家高新技术企业。是中国电器工业协会会员单位，浙江省输配电设备行业协会副会长单位，江山市工业龙头企业。公司位于浙江省江山市经济开发区山海协作区开源路1号，占地面积80000多平方米，公司年产销规模5亿元以上。公司生产设备齐全，生产工艺先进，检测设备完善，拥有钣金“数控加工中心”和变压器硅钢片自动剪切线，产品采用三维电气专业软件优化设计，高低压成套设备年生产能力15000套，变压器300万kVA，高压电器元件5000台。公司建有“科润自动化电力设备省级高新技术企业研发中心”，并与浙江大学、浙江工业大学、杭州电子科技大学、西安电子科技大学、衢州学院等多家高等院校保持着密切的合作关系，着力于技术创新和质量改进，是浙江省科技型中小企业，2009年被评为国家高新技术企业。,"变压器,高低压成套开关设备,户外成套设备"
834261.BJ,公司是国内专业的聚氨酯原材料及EO、PO其他下游衍生物生产制造商。公司的主营业务为聚氨酯原材料及EO、PO其他下游衍生物的研发、生产与销售及承接塑胶跑道工程的施工。公司为中国聚氨酯工业协会副理事长单位、中国聚氨酯工业协会铺装材料专业委员会主任单位、中国田径协会场地器材委员会会员、全国体育场地设施工程质量、安全信誉AAA级保障单位、首批全国体育场地设施工程专业承包百强企业、中国塑胶跑道低碳环保领先企业、中国民营科技促进会建筑建材专家委员会会员单位、山东省高新技术企业、山东省博士后创新实践基地、淄博市硬质聚氨酯组合聚醚工程实验室。公司已通过质量管理体系认证、环境管理体系认证、职业健康安全管理体系认证，公司产品荣获淄博市人民政府首届市长质量奖、山东省中小企业科技进步奖，通过中国环境标志产品认证、中国田径协会审定。公司自成立以来先后取得上百件发明专利及科学技术成果，公司在聚氨酯化工行业拥有较高的地位与知名度。,"公司旗下产品分为三大类,一类是聚氨酯弹性体类系列产品,包括CPU,TPU,微孔弹性体,铺装材料及防水材料等;一类是聚酯,聚醚及组合聚醚等;一类是EO,PO其他下游衍生物,包括表活聚醚单体,减水剂聚醚单体等.此外,公司还承接塑胶跑道等体育场地工程的施工,为塑胶跑道,足球场,排球场,篮球场,健身步道等体育场地提供铺装服务."
834407.BJ,"公司是河南省科技厅认定的第二批高新技术企业之一，专业从事高、精、尖仪器仪表的研发、生产与销售，具有自营进出口资格，并通过了国际质量体系ISO9001：2008认证。多年来通过公司工程技术人员的不断努力探索，加之与解放军信息工程大学、郑州大学等高等院校的广泛合作，所研发的产品，以良好的性能获得广大用户的好评。公司主要产品包括：可燃气体报警仪、毒性气体报警仪、酒精检测仪、露点仪、气体纯度仪等，广泛应用于电力、电子、冶金、化工、石油、煤炭、矿山、铁路、医药和科研机构等领域。驰诚电气公司以“科技创新、以人为本、诚信经营”为宗旨，以“研制优质产品,准确、及时、有效的为客户提供最佳的产品解决方案”为目标，以良好的信誉与全国近三十个省市的用户建立了广泛的合作关系，形成了以公司为主体、以经销商为辅的立体化营销服务网络。","气体环境安全监测产品的研发,生产和销售,主要产品为气体环境安全监测领域的智能仪器仪表,报警控制系统及配套,智能传感器."
834415.BJ,公司是一家从事行业应用软件开发和专业技术服务的供应商，主要为航空公司、机场及民航保障企业提供安全自主可控的软件服务及整体解决方案。在民用航空信息化领域，公司主要产品分为智慧航空公司系列产品和智慧机场系列产品两大类。公司通过多年努力已经成为保障我国民航业安全运行的核心软件供应商之一，同时也是Sabre、Jeppesen等国外软件厂商在我国民航信息化安全运行领域的可靠替代者。,"为企业客户提供软件开源化技术开发,技术咨询服务,为各大机场铺设无线移动宽带专网并向客户收取相关服务费用,出售和租赁软件及终端等."
834475.BJ,公司专注于有色金属电化学精炼专用新型电极材料及成套智能装备的研发、生产和销售。公司产品主要分为阴极板和机组设备两大类，公司研发生产的有色金属精炼设备在产品质量、性能等方面具有较强的竞争优势，赢得了客户的信赖和好评。经过多年的经营，凭借公司自身优良的产品质量、性能和及时完善的售后服务，“三友”品牌在有色金属电化学精炼专用新型电极材料及成套智能装备领域已经具有较强的市场影响力和品牌美誉度。,"冶金专用设备的研发,生产和销售"
834599.BJ,公司是一家专业生产非公路用车的高新技术企业。公司是集产品研发、设计、生产、销售及售后服务为一体的工程机械制造商，主要产品为各类矿山开采及大型工程物料运输所需的非公路宽体自卸车、坑道车、洒水车等。目前，公司主要产品为TL85、TL87、TL88、新能源等系列非公路宽体自卸车，同时还生产TLD系列非公路矿用自卸车、坑道车、工程洒水车、桥梁运输车、运煤车等工程机械产品。同力重工牌非公路用车现已形成40T、50T、60T三大系列，30多个产品品种，在中国已广泛应用于各类矿山、水电工地、大型工程。公司是国家火炬计划重点高新技术企业，建有中国最大的非公路用车生产基地，是非公路用车行业的开创者和领导者。,"公司主要产品为TL85,TL87,TL88,新能源等系列非公路宽体自卸车,同时还生产TLD系列非公路矿用自卸车,工程洒水车,桥梁运输车,运煤车等工程机械产品.从应用行业划分,产品应用"
834639.BJ,公司主营业务为各种电线电缆的研发、生产、销售及其服务。主导产品为电力电缆和电气装备用电线电缆，主要包括500kV及以下电力电缆，其中中高压电力电缆为公司业务发展重点。此外，公司还专业生产特种电缆等系列产品。产品已经应用于电力、交通、石化、钢铁等行业和奥运工程(包括鸟巢和水立方)、上海世博会、十二届全运会、杭州湾跨海大桥等国家重点工程，具有国家大型工程的电缆运行经验。目前，公司先后通过ISO9001、ISO14001、ISO10012和OHSAS18001管理体系认证，AAA级标准化良好行为企业认证。,电线电缆
834682.BJ,公司是从事电线电缆研发、生产、销售的专业企业，目前公司主要产品为500kV及以下级别电线电缆，产品应用涉及电力、能源、交通、智能装备、石化、冶金、工矿、通讯、建筑工程等多个领域。公司在多年的电线电缆产品研制、生产过程中，始终坚持以满足社会发展需要为己任，在电力电缆、特种电缆、裸电线、电气装备用电线电缆等产品上形成了成熟的技术和经验，配置了先进的生产、试验与检验设备，储备了各类管理、开发、检验、生产人才。公司不断引进、消化、吸收国外先进制造技术，在此基础上持续进行自主创新和产品开发，开发了轨道交通特种电缆、高压及超高压交联电力电缆，超高压纳米材料直流电缆、军用稳相电缆、新能源及智能装备线缆等一系列产品，为公司的持续发展奠定了良好的基础。,"电线,电缆制造"
834765.BJ,公司主要研发、生产、销售以金属置物架为主的收纳产品，经过多年发展，目前已经形成集自主研发、生产、销售、仓储物流为一体的综合服务体系。公司主要提供家用、工业用收纳产品及设计方案，坚持以DIY理念为核心，并结合木、布、藤、塑胶、纸类等配件组成的各类收纳产品。公司现已经拥有成熟的收纳产品的开发、生产制造和质量控制技术，公司采用的核心技术主要是通过自主研发及经验积累而成.下设深圳市美高塑胶金属制品有限公司(制造基地)、美之顺五金塑胶制品有限公司(加工中心)、美之高实业发展有限公司(营销中心)、通之泰贸易有限公司(进出口贸易)四家子公司。先后在北京、上海、广州、成都等地设立分支机构。,"金属置物架收纳用品的研发,设计,生产和销售,产品主要应用于家居收纳,工业及商业仓储等领域"
834770.BJ,公司位于浙江省北部杭嘉湖平原海盐县境内，地理位置优越，位处杭州湾北侧，位于国家4A级旅游风景区——南北湖边，公司成立于2010年8月，是一家集生产、经营、科研技术开发及信息服务为一体的科技发展型企业，专门从事环保新能源的高新技术企业。是一家符合国家产业政策，属国家鼓励类产业项目的高科技公司。公司的经营范围为晶体硅制品、光伏电池片及组件的制造、加工，太阳能光伏电站设计、安装、运行。公司自成立之初即秉承开拓创新、同谋发展的经营理念专注于多晶硅太阳能电池片的研发、生产及销售，并通过持续不断的设备更新和技术积累，实现了产能的逐步扩大和产品结构的优化升级。同时，公司计划在现有业务的基础上择机拓展下游太阳能组件生产及光伏电站建设业务，在实现业务结构转型升级的同时保证公司经营状况和盈利能力的持续性和稳定性。,"从事分布式光伏电站投资运营,分布式光伏电站开发及服务和晶硅太阳能电池片的研发,生产和销售."
834950.BJ,公司是一家专业从事研发、生产和销售自动变光焊接面罩以及相关配套产品的国家级高新技术企业，主要产品为自动变光焊接面罩以及相关配套产品，包括：自动变光焊接面罩、自动变光焊接滤光镜、普通焊接面罩、电动空气净化呼吸器及相关配件等。,"全系列自动变光电焊防护面罩,多场景电动送风过滤式呼吸器等智能个人防护装备的研发,生产和销售"
835174.BJ,公司目前主营隧道施工智能装备的研发设计、生产、销售及服务，主要产品包括混凝土喷浆车，隧道(隧洞)衬砌台车等，提供的服务主要为混凝土喷浆车的租赁服务。公司产品应用于铁路、高速公路、水利水电等基础设施建设项目的隧道(隧洞)施工，产品被中国铁路建筑总公司、中国铁路工程总公司、中国水利水电建设集团公司等企业所广泛采用，在国内隧道(隧洞)施工的衬砌设备细分市场中占有较大市场份额。公司将根据隧道装备行业市场变化，进一步调整公司产品结构，丰富产品种类，提高产品智能化水平及其附加值，进一步扩大产品在细分市场的份额。,"隧道施工智能装备的研发设计,生产,销售及服务"
835179.BJ,公司是国内领先的石英玻璃制品加工企业，公司主营业务为石英仪器、石英管道、石英舟等石英玻璃制品的研发、生产和销售。公司产品作为下游企业的生产耗材，广泛应用于半导体集成电路芯片领域、光伏太阳能行业领域及其他领域。公司是国内少数能为8、12英寸芯片生产线加工配套石英玻璃制品的企业之一。公司的主要产品包括石英仪器、石英管道、石英舟等石英玻璃制品。,"石英仪器,石英管道,石英舟等石英玻璃制品的研发,生产和销售"
835184.BJ,公司专注于地理信息和农业大数据领域，以地理信息开发应用为核心，通过将3S技术与云计算、大数据、人工智能等现代信息技术相结合，向客户提供地理信息数据工程、行业应用软件开发和空间信息应用服务等业务。公司具有较强的时空数据处理建库、软件开发与应用服务能力，并积累了丰富的行业经验，在自然资源、农业农村空间信息化领域具有较强的竞争优势。公司是高新技术企业。公司及子公司拥有摄影测量与遥感、地理信息系统工程、工程测量、不动产测绘专业甲级测绘资质，地图编制、测绘航空摄影、互联网地图服务。,"地理信息数据工程,行业应用软件开发,空间信息应用服务"
835185.BJ,公司是新能源材料的研发与制造商，主营业务包括锂离子电池负极材料、正极材料及石墨烯材料三大业务板块，是集基础研究、产品开发、生产销售于一体的国家级高新技术企业。公司秉承“创新引领”的核心价值观和经营理念，始终坚持以技术创新为引领，通过持续研发投入，取得了丰硕的技术研发成果。公司围绕锂离子电池正负极材料为核心的新能源材料领域形成了完善的产品及产业链布局。,"生产经营锂离子电池正极材料和负极材料;经营进出口业务,普通货运,非居住房地产租赁,物业管理."
835207.BJ,公司主营业务为信息系统集成服务。公司为政府、学校、医院及企事业单位等提供整套的行业信息化解决方案，业务包括信息化系统的技术咨询、方案设计、应用软件开发、工程施工、软硬件集成调试及后期维护管理。公司提供的主要产品或服务包括信息系统集成服务、软件开发和相关配套设备销售。公司先后获得国家工业与信息化部认证的计算机信息系统集成贰级资质、河南省公共安全技术防范服务一级资质、电子与智能化工程专业承包贰资质，还拥有ISO9001质量管理体系认证、ISO14001环境管理体系认证、安全生产许可证、软件企业认定证书等多项认证；同时，公司被批准为“武器装备科研生产单位二级保密资格单位”，并被国家军工保密资格认证委列入二级保密资格单位名录。,"软件开发,信息系统集成服务"
835237.BJ,公司主要业务为锂微型电源的研究、开发、制造与销售。主要产品包括一次及二次扣式及软包电源，产品具有微型、涓流、脉冲及长寿命的特点。经过10余年的发展，公司现已成为中国锂微型电源行业的知名企业，行业协会副理事长单位，是国家级高新技术企业、电池行业标准的起草与制定单位之一。,"力佳科技锂氟化碳(BR系列)扣式微型电源,力佳科技锂聚合物软包微型电源,力佳科技锂铝合金可充(ML系列)扣式微型电源,力佳科技锂锰(CR系列)扣式微型电源"
835305.BJ,公司是以大数据存储与处理为核心业务的高新技术企业。自成立以来，公司一直以ICT产业发展趋势为主线，前瞻性研判并聚焦于大数据产业相关技术，精准把握大数据存储与智能处理发展方向，专注于为客户提供大数据存储与智能处理整体解决方案。公司以云计算、大数据和人工智能领域自主研发技术为基础，致力于满足用户对大数据从感知、存储、挖掘、智能处理到应用的全生命周期的需求，目前已构建了完整的大数据价值链业务体系，打造了具有“专业深度”和“行业广度”的解决方案。目前，公司的整体解决方案已广泛应用于公共安全、环境监测、学科教育等领域，构筑出融核心技术创新和应用模式创新于一体的竞争优势。,"大数据信息智能存储处理基础技术产品与应用系统的开发,运营,销售以及相关技术服务"
835368.BJ,"公司是一家专注于光伏及半导体领域，具有深厚技术积累的晶体材料生长和加工设备供应商。公司通过建立专用设备的研发、生产及销售一体化流程，开展多项产品研发及生产，为光伏及半导体行业客户提供高性能的各类晶体材料制造和衬底晶片加工处理等全自动生产设备。公司已经深入理解并掌握晶体硅生长设备及多线切割设备的关键技术和工艺,主要产品是晶体硅生长和加工设备，包括单晶炉、线切设备、磨床、硅片处理设备和氩气回收装置等。","晶体硅生长及加工设备的研发,制造和销售"
835508.BJ,公司是以电网运行智能辅助监控为核心的电网智能化综合解决方案提供商，业务链涵盖电网运行智能辅助监控系统的方案设计、软件开发、集成联调、升级改造及运行维护等各个环节。公司重点围绕电网运行智能辅助监控系统的建设和改造需求展开研发，综合运用物联网、人工智能、信息通信、智能软件等技术，设计并实施涵盖物联感知层、通信网络层、数据服务层及智慧应用层的系统集成方案，充分发挥智能辅助监控系统的运行监视、环境监测、安全防护和辅助控制等功能，帮助客户以更高的劳动生产率实现无人值守模式下变电站电力设备及动力环境远程巡检的自动化、调度操作的可视化和告警管理的智能化，提升智能变电站一体化监控的全面监视效率、运行管理能力和安全控制水平，为生产调度和智能运维提供决策和优化依据，从而进一步保障电网稳定高效运行。,"电网运行智能辅助监控系统集成解决方案,技术服务与咨询及软件开发与销售"
835640.BJ,公司主营业务为射频同轴连接器、射频同轴电缆组件、射频电缆等产品的研发、生产和销售。公司拥有多项IEC国际标准，是我国射频连接器行业拥有IEC国际标准最多的企业。公司产品广泛应用于通信及防务市场，主要客户包括华为、RFS等全球知名通信设备厂商以及中国航天科技集团、中国电子科技集团等国内军工集团下属企业或科研院所等。公司核心技术均具有完全的自主知识产权。公司是陕西省省级企业技术中心和西安市市级企业技术中心，获得“中国驰名商标”、“国家知识产权示范企业”、“中国标准创新贡献奖”、国家“4A级标准化良好行为示范企业”、“陕西省质量管理奖”、“西安市质量管理奖”等荣誉。,"射频同轴连接器,射频同轴电缆组件,射频电缆等产品的研发,生产和销售"
835670.BJ,公司是一家专注于数字医学领域的软件开发企业，利用在断层图像分割、三维重建与可视化处理、系统应用开发等方面的技术创新和积累，从事“数字人体技术”的研发及应用推广，并为客户提供医学教育信息化产品及整体解决方案。公司在医学影像处理、医学教学和人体生命科普产品领域拥有多项自主开发的软、硬件产品，研发出了影像扫描三维重建及手术规划系统、数字人解剖教学系统、医学形态学数字化教学平台、显微互动教学系统、数字解剖实验室整体方案及人体生命科普产品等产品系列，已在全国400余家医学类院校、数十家科技展馆及多家海外医学院校广泛应用，其中“高清数字人虚拟解剖台系统”、“数字人高清断层3D打印模型”进行了由中国解剖学会组织的鉴定，认定高清数字人虚拟解剖台系统产品“达到国际先进水平”；数字人高清3D打印模型产品“达到国际领先水平”。,"数字医学教育类产品,生命科普类产品及交互智能一体机三大类产品"
835857.BJ,公司和子公司中煤宁夏的主营业务是为各类工业、民用领域的客户提供钢结构的设计、咨询、制造与安装等产品和服务。公司十分注重研发与技术创新工作，培养了一批具有较高技术水平的专业人才，取得了多项科技成果。公司2013年被认定为江苏省企业技术中心，公司及子公司取得了“超大跨度网架拱棚储料仓施工工艺”等多项专利。公司已形成了以专业化设计、工厂化制造、标准化安装为特点的业务体系。在钢结构安装方面，通过科学管理、精心施工，公司以及子公司参与建设的工程曾获得“中国建筑钢结构金奖(国家优质工程)”，多项工程获得省部级优质工程。,"重型钢结构,轻型钢结构,钢网架,非标设备等钢结构制品的制造和加工,装配式钢结构建筑配套的PC构件和轻质高强新型内,外墙板的制造和加工,以及为客户提供工业钢结构建筑,装配式钢结构建筑研发,设计,加工,安装一体化解决方案"
835892.BJ,公司是合肥美菱股份有限公司与中国科学院理化技术研究所于2002年10月合资成立的国家级高新技术企业，公司集低温制冷设备研发、制造、销售和服务于一身，生产和经营的产品主要有：生物样本冻存管理系统、低温储存设备、深冷处理系统解决方案、冷库系统解决方案以及环境试验系统解决方案等，产品广泛应用于医疗卫生、高校科研、农林畜牧业、深海渔业、冷链物流、工矿企业、军工等领域，打破了我国在这一领域长期依赖进口的局面。,"低温制冷设备,超低温冷冻储存设备,智慧冷链项目,家庭健康产品等.以生物医疗低温存储设备的研发,生产和销售为核心,布局生命科学,智慧冷链,家庭健康三大业务板块"
835985.BJ,公司是专业生产多晶硅锭、多晶硅片、太阳能电池组件、太阳能发电系统等光伏产品的高科技制造企业，是目前光伏行业中符合国家工信部公布的《光伏制造行业规范条件》的名单企业之一。公司坚持走高标准、专业化的发展路线，不断提升团队整体创新研发及生产管理能力，现已成为拥有国内顶尖研发团队，集研发、生产、销售、服务为一体的专业化高新技术企业。,"公司以晶硅太阳能光伏组件的研发,生产,加工和销售为核心,并开展太阳能光伏电站的开发,建设,运营等业务.主要产品与服务项目为晶硅太阳能光伏组件,光伏电站运营"
836077.BJ,公司主要从事聚丙烯腈基碳纤维原丝的研发、生产和销售。公司在国内是首家采用三元水相悬浮聚合两步法生产碳纤维聚合物，DMAC为溶剂湿法生产碳纤维原丝，公司所属行业是国家重点支持发展的战略新兴产业中的碳纤维行业，公司致力于成为国内领先、国际知名的聚丙烯腈基碳纤维原丝及相关产品的供应商。公司现在主要生产有1K、3K、6K、l2K、24K、48K等聚丙烯腈基(PAN)碳纤维原丝以及预氧丝。应部分客户需要，公司采用委托加工方式为客户提供碳纤维产品。该公司主要客户是碳纤维生产商及碳纤维复合材料生产厂商和贸易商。,"碳纤维原丝及碳纤维的研发,生产和销售"
836149.BJ,公司主营业务为建筑装配化的研发与设计咨询、相关预制部品的生产与销售、施工安装以及工程总承包。公司以“科技装配美好生活”为愿景，专注于推广建筑装配化的具体应用，不断研发升级相关预制部品生产和施工的技术工艺，为客户提供绿色、安全、高效的装配式建筑领域的解决方案及服务。公司目前服务和产品主要由五个业务模块构成，分别是建筑装配化研发与设计咨询服务、预制混凝土(PC)部品生产、装配式建筑施工、工程总承包以及预制墙板(ALC)贸易。,"公司主营业务为建筑装配化的研发与设计咨询,相关预制部品的生产与销售,施工安装以及工程总承包.公司目前服务和产品主要由五个业务模块及一个新业务模块构成,分别是研发与设计咨询服务,预制混凝土(PC)部品生产,装配式建筑施工,工程总承包,预制墙板(ALC)贸易以及分布式屋顶发电和光伏建筑一体化."
836239.BJ,公司属于电池行业中的一次圆柱形碱性锌锰电池和圆柱形高倍率锂电池行业，是碱锰电池和锂电池设计、开发、生产、营销的服务提供商，公司及控股子公司合计拥有“碱锰电池正电极体、碱锰电池及其制造方法”、“一种智能家居用锂离子电池的制备方法”等一百多项专利技术，获得了质量管理体系认证、环境管理体系认证、职业健康体系认证、进出口业务认证等生产经营资质，是国家高新技术企业。公司依靠深厚的研发实力和生产管理能力，根据市场发展以及客户需求不断研发新产品，为诸多世界知名品牌和电动工具市场高端客户提供高性能的电池产品和优质服务。,"碱锰环保电池,锂电池的研发,生产及销售业务"
836247.BJ,"公司是以生产特种混炼胶、橡胶减震制品和橡胶密封件等为主导产品的专业厂家。公司位于河北省邢台市任县经济开发区(京港澳高速公路邢台出口东四公里处)，交通便利。是河北省产业集群龙头企业。公司先后被评为“河北省著名商标”、“河北省高新技术企业”、“河北省中小企业技术创新示范企业”、“省级重合同守信用企业”等荣誉，华密工程技术研发中心被认定为省级企业技术中心。公司先后通过了瑞士SGS认证、德国TUV的ISO9001,ISO14001、OHSAS18001、ISO/TS16949:2009以及国军标管理体系认证，并被河北省技术监督局确认达到标准化良好行为企业级别AAAA级要求。华密公司现由混炼胶事业部、减震事业部、密封件事业部、模具事业部、技术研发中心构成。","丁腈橡胶,氟橡胶,氢化丁腈橡胶等特种混炼胶,及三元乙丙橡胶,天然橡胶等通用混炼胶,密封及减震类橡塑制品"
836260.BJ,公司由成都中寰机电设备有限公司转型成立，座落于四川成都双流西南航空港开发区三期内，是一个拥有自主研发、设计和制造能力的生产型企业。公司拥有现代化的工厂和科研基地，公司设有管理、开发、销售、生产、质量安全共五个部门，拥有数控加工中心、数控车床、铣床等加工设备，主要制造气液联动执行器、井口安全阀控制系统，气动执行器，管道气驱管线截断系统、液动和电液联动执行器等。公司是集产品研发、设计、生产与销售为一体的天然气流体控制设备供应商，主要产品为气液联动执行机构及井口安全控制系统。十年来，公司在充分总结进口气液联动执行器优缺点的基础上，扬长避短，研发出更适合中国管道工程实际工况的产品，并在完全达到国外产品功能的基础上有实质性创新，如在公司研制的电子破管保护系统LBP-1000较国外产品已有革命性突破：电气电池隔爆技术、太阳能低功耗技术、低温显示技术、防阴保电流流失技术、防浪涌技术、手机短信管理技术和无线数据下载技术，测量和控制精度达到0.5%。,"阀门执行机构,井口安全控制系统和撬装设备的设计,研发,生产及销售"
836263.BJ,公司是国内领先的工业烟气治理领域综合服务商，致力于为钢铁、焦化等非电行业提供工业烟气治理全生命周期服务，具体包括工程设计、施工管理、设备成套供应、系统调试、试运行等工程总承包服务以及环保设施专业化运营服务.公司在钢铁行业烟气治理领域奠定了一定的市场地位，同时正逐步向焦化、化工等其他非电行业渗透。公司的主要业务包括环保工程建造业务及环保设施专业化运营业务两类，其中环保工程建造业务主要以环保工程总承包方式提供服务。,"运用国内领先的脱硫脱硝除尘技术为冶金,电力,化工等行业客户提供工业烟气环保工程建造,专业化运营等一体化综合治理解决方案."
836270.BJ,公司主营业务为绞盘、电动踏板及越野改装装备和改装件的研发、生产、销售及服务。公司的主要产品包括高性能车用电动绞盘、可伸缩动力踏步装置、越野改装。装备和改装件越野产品已获国家专利和国际发明专利，获TS16949质量体系认证。,"生产销售绞盘,电动踏板及越野改装件及附件等"
836395.BJ,公司产品和服务主要包括电子设备防盗展示产品和品牌终端展示服务两大类。(1)电子设备防盗展示产品包括数码防盗、挂钩、桌面陈列三大类，具体产品为独立防盗产品、集中式防盗主机、集中式防盗传感器、机模产品、遥控器、防盗普通挂钩、防盗螺旋挂钩、防盗亚克力、亚克力标签牌、亚克力机模展架和亚克力支架。(2)品牌终端展示公司的品牌终端展示业务服务主要是面向运营商、手机品牌厂商、连锁卖场等国内外知名企业，如：移动、联通、电信、华为、三星、OPPO、金立、HTC、苏宁、国美等。公司根据客户的品牌推广和营销策略设计出品牌终端展示整体形象方案和相应展示道具的设计，彰显企业品牌形象与内涵，提高企业影响力，促进产品销售，最大程度地为客户创造价值。,"电子设备防盗展示产品的研发,生产和销售"
836414.BJ,公司是一家致力于太阳能电池外观及内部缺陷识别技术研发与生产的高新科技企业，主要长期服务于光伏生产企业，为其提供完善的产品解决方案及优质的客户服务，并逐渐建立以硅片、电池片、电池串、组件的电致发光(EL)及光致发光(PL)检测设备为主的产业链体系。公司凭借其在半导体特性表征技术、半导体光电、光学、软件及自动化等多方面的技术创新，持续开发质量卓越、性能稳定的检测产品，并均已形成核心自主知识产权，所研发的成熟产品被广泛运用于大型光伏生产商。公司拥有国内一流的资深专家团队，团队成员来自上海交通大学和华东师范大学，凭借其在半导体特性表征技术、半导体光电、光学、软件及自动化等多方面的技术创新，持续开发质量卓越、性能稳定的检测产品，并均已形成核心自主知识产权。,"基于人工智能的光伏检测设备,光伏检测软件及技术升级服务"
836422.BJ,公司座落于黄海之滨--连云港，公司拥有一支长期在食品配料领域奋斗多年的精干团队。专业生产山梨酸钾、柠檬酸盐类、磷酸盐类、丙酸盐类及氯化钾、双乙酸钠等系列食品添加剂。公司拥有六条生产线，其中刚刚建成的GMP标准车间已经达到行业先进水平，具备了为客户提供更加优质的精制级产品的能力。目前，已和世界上40多个国家和地区建立长期的业务关系，是山梨酸钾，柠檬酸盐和磷酸盐的主要出口厂商之一。,食品添加剂
836433.BJ,公司是一家集蒙药资源开发、特色专科药和大健康产品研发、生产和销售为一体的综合性制药企业，公司药品主要分为中成药(含民族药)和化学制剂药两种类型。公司拥有药品生产许可证、GMP证书和多个药品文号，具备为市场生产和提供符合国家要求的高质量的药品的能力。公司拥有蒙医药科研基地，已建立相对完善的研发体系，配备有较强的研发团队和研发设备。公司及其全资子公司共拥有多项专利权。公司依托遍布全国的销售网络，通过经销商(配送商)等渠道将产品销售往全国各地的医院、药店、卫生站等医疗服务终端，并最终由患者进行消费和使用。,"公司是一家集蒙药资源开发,特色专科药及大健康产品研发,生产,销售为一体的综合性制药企业"
836675.BJ,公司位于川滇交界金沙江畔的素有“钒钛之都”称号的攀枝花市攀枝花学院内，这里有丰富的煤、钒、钛磁铁矿等天然资源，有享誉全国的二滩水电站，资源优势明显。公司从事压裂支撑剂系列产品的研发、生产和销售。压裂支撑剂主要包括陶粒支撑剂、石英砂支撑剂等。公司自成立以来始终坚持“以人为本、技术创新、开拓进取”的原则，坚持“诚信至上、质量第一”的经营理念；以技术创新打造企业的核心竞争力，组建了一支专注于压裂支撑剂领域经营和研发的团队；依靠对陶粒支撑剂生产工艺的深刻理解；齐全、完备的生产、检测设备；利用攀枝花得天独厚的钒钛资源，采用专有的粉末制粒和特殊的工艺技术，烧结出高密度、中密度、低密度及各种粒径的一系列压裂支撑剂，该系列产品具有耐高温、耐腐蚀、高强度、高导流能力、低破碎等特点，公司低密度高强度的产品，特别受到市场青睐。,"压裂支撑剂系列产品的研发,生产和销售"
836699.BJ,公司主要产品为精密滑轨，主要应用于家电、ATM机和服务器。目前ATM机滑轨和服务器滑轨还在设计研发阶段，尚未形成规模性的生产和销售。公司采购的原材料分为钣金、钢球、塑料、油脂四大类。公司的生产计划员负责进行公司仓库、采购部和生产部的衔接工作。由公司的生产计划员根据生产部预计的生产用量对比仓库产品存量，找出原材料欠料部分，并提出采购申请单提交采购部进行采购。公司对原材料质量具有严格的检验标准，当原材料入库时，一般由仓库外检进行货物的验收，对于有质量问题的货物会进行退货处理。,"滑轨的生产,销售"
836720.BJ,公司是精密金属制品行业领先企业，专注于铝合金、锌合金精密零部件的研发、生产和销售，产品涵盖电子电器零部件、汽车零部件及其他零部件，主要应用于清洁电器、电动工具、通讯设备、车身主体结构、车载主机系统、动力系统及制动系统等。公司秉承“专业的技术、优异的品质、低廉的成本、严期的交付”的经营理念，凭借高标准、高质量、高性价比的产品进入多家海内外知名品牌制造商的供应链体系。,"研发,生产,销售精密金属零部件"
836807.BJ,公司始建于2000年，多年来坚持不懈地专注于超硬材料制品的研究和开发，现已发展成为中国超硬材料制品行业的领先企业之一，位居全球陶瓷加工工具细分市场占有率第一名。公司主营业务为超硬材料制品的研发、生产和销售。目前，公司主要产品为金属结合剂金刚石工具、树脂结合剂金刚石工具、菱苦土结合剂碳化硅工具，其中，金刚石工具系列产品为公司主导产品。上述产品的主要应用领域为建筑陶瓷的加工，部分产品涵盖到石材、钢筋混凝土建筑材料、耐火材料等其它硬脆材料的加工以及汽车发动机、空调压缩机零部件等机械精密加工领域。,"超硬材料制品的研发,生产和销售"
836826.BJ,公司通过选用国家备案基地的蘑菇和藻类以及天然无污染的野生山野菜作为生产原料，形成系列的蔬菜深加工产品。公司主营业务为海洋食品和食用菌食品等预制凉菜的研发、生产和销售，致力于打造中国预制凉菜领导品牌。公司目前已取得欧盟、日本、美国等国内外一系列质量体系认证，产品远销日本、美国、加拿大、德国、西班牙、乌克兰、澳大利亚、新加坡、以色列、俄罗斯等十几个国家和地区。多次被评为“企业信用等级：AAA级”、“农业产业化国家重点龙头企业”。,"食用菌,海藻及山野菜深加工产品的研发,生产和销售"
836871.BJ,公司是一家已通过ISO9001质量管理体系认证的专业生产企业，公司经过十多年的发展，拥有雄厚的技术力量，一直致力于开发和生产各种液压、气动管路产品，秉承“高质量、高效率、高创新、高服务”的企业理念，主要产品包括PA管、树脂管、铁氟龙管、橡胶软管、改性工程材料、接头及管类总成等。为国内汽车行业、机械行业提供了耐磨损、耐弯曲、抗拉强的尼龙软管、树脂管及总成。公司先后引进了英国、意大利的在线检测设备，产品严格执行国家相关标准，美国SAE标准及DIN73378、DIN74324、GB16897标准、也可按客户提出标准设计制造。产品产销量、出口量及产品质量居于国内前列，公司以“质量第一、交货及时、价格合理、客户满意”为服务宗旨，优质的产品让广大用户受惠。,"公司主要从事工业软管及总成,改性工程塑料的研发,生产和销售"
836892.BJ,公司的业务主要围绕政策研究、决策咨询、产业规划、专题研究、风险评估、投资项目前期策划、投融资咨询(含PPP项目)、招标采购、造价控制、建设管理等领域，为客户提供工程投资(建设)各阶段相关咨询以及全过程综合性咨询服务。公司以广东省国际工程咨询有限公司和广东省机电设备招标有限公司两大子公司为主体开展相关咨询服务。公司根据不同业务类型及行业类型，内设多个业务团队，各业务团队以公开招投标、直接委托等方式在市场上获取业务机会，为客户提供工程投资(建设)各阶段相关咨询以及全过程综合性咨询服务。经过多年发展，公司获得了“中国全过程工程咨询行业综合实力百强”、“中国全过程工程咨询BIM咨询公司综合实力50强”、“中国招标代理行业综合实力百强”、“中国EPC项目招标代理机构10强”、“中国政府采购项目招标代理机构30强”、“中国PPP咨询行业十大领军企业”、“中国投资咨询行业综合实力50强”等荣誉称号，在工程咨询行业内具有较强的品牌声誉。,工程咨询服务;工程造价服务;招标代理服务;项目管理和工程监理服务;进口销售;进口代理服务
836942.BJ,公司专业从事各类工程破岩钻具的研发、制造、销售及服务，总部坐落于全国三大高新园区之一的武汉东湖新技术开发区。公司主要产品包括各种盾构、TBM、顶管刀具；水平定向穿越钻具(扩孔器、导向钻头、扶正器、短节等)、垂直扩孔钻头；桩基破岩滚刀、钻头、截齿；潜孔钻具(冲击器、钻头、钎头、钻杆等)。公司产品广泛应用于国内外地铁、公路铁路隧道、引水隧洞、城市综合管廊、油气管线、桩基开挖、矿山开采等各类工程。,"公司主要从事各类工程破岩工具的设计,生产和销售.主要产品包括各种盾构及TBM刀具,顶管施工刀具,潜孔冲击器和钻头,钻杆等,水平定向穿越扩孔器,扩孔钻头."
836957.BJ,公司作为一家生产高分子材料环保助剂的企业，主要经营模式由化工行业特点所决定，主要通过自主研发和生产，为下游客户提供脂肪酸盐助剂、复合助剂系列产品获取销售收入。销售模式分为直接销售模式、贸易商销售模式和经销商销售模式，公司与贸易商和经销商的交易均为买断式交易。东莞市汉维科技股份有限公司是我国环保硬脂酸盐产品的主要供应商之一，生产能力在国内硬脂酸盐领域居于前列。其的环保硬脂酸盐产品采用目前主流的直接法生产工艺，与传统的间接法相比，直接法生产工艺无生产性废水排放，符合国家对产业节能降耗、绿色环保的要求；属于“广东省环保橡塑助剂工程技术研究中心”“省级企业技术中心”，并获得中国塑料加工工业协会颁发的“十二五塑料加工业科技创新型企业”、东莞市新材料行业协会颁发的“2018年度东莞新材料产业功能材料创新奖”、东莞市高新技术产业协会颁发的“2019年东莞市十大创新成果”等荣誉称号。公司是《硬脂酸锌》(HG/T3667-2012)、《硬脂酸钙》(HG/T2424-2012)等多个行业标准的起草单位之一。,"高分子材料环保助剂的研发,生产和销售.脂肪酸盐助剂和复合助剂"
837006.BJ,公司主要从事航空装备制造、军用电源领域相关产品的研发、生产和销售。主要产品包括：一次电源及系统、二次电源及软件管理、航空控制器及检测设备、减速机产品、传动机械产品、开关磁阻电机、无人机发电机系统及无人机维修检测设备等。公司产品主要应用于航空等国防军工领域。经过多年的发展，公司与多家军工企业建立了长期的合作关系，已在军工配套产品领域占有一定的市场份额。由于公司军工产品的特殊性，需要具备相应资质，公司已具备生产军品所需的全部资质，产品符合军工产品质量技术要求。经过多年的发展，公司已成为泰州市知名商标、泰兴市重合同守信用企业、江苏省民营科技型企业，拥有多个高新技术产品，并获得专利多项。,航空机械类及电源类产品
837046.BJ,公司成立于2008年10月，主要业务为电力配电干式变压器、箱式变电站、高低压成套设备(包括箱式产品、开关设备及其他设备)等电力设备的研发、生产和销售，主要产品为环氧树脂浇注的干式变压器、箱式变电站等，产品主要应用于铁路、轨道交通、电网公司、住宅、企事业单位等配电网络及终端用户。,"电力配电干式变压器,电抗器,智能箱式变电站,高低压成套设备(包括箱式产品,开关设备及其他设备)等电力设备的研发,生产和销售."
837092.BJ,公司是信息系统集成的解决方案提供商，致力于为政府、企事业单位客户提供信息系统解决方案及相关服务，包括智能化信息系统设计和相关设备的选型采购、实施安装、开发调试，以及运营维护等。公司主营业务为信息系统集成服务，根据客户类型可分为政校医商类、涉密单位类和工业企业类，属于智慧城市行业综合解决方案范畴。,"公司是信息系统集成的解决方案提供商,致力于为政府,企事业单位,制造类企业客户提供数字化信息化产品及解决方案,包括智能化信息系统咨询规划,方案设计和相关设备的选型采购,系统安装,开发调试,以及运营维护等."
837212.BJ,公司成立于2006年，主要专注于连接器线缆组件产品的研发、生产和销售的高新技术企业，主营业务包括消费电子类业务及汽车电子类业务。其中，消费电子类业务聚焦于娱乐设备、现代办公、智能家居、智能穿戴等方向，产品应用于平板电脑、游戏机、智能电视、智能音箱、智能家居等产品中；汽车电子类业务聚焦于高速数据传输、新能源汽车、汽车安全、汽车导航系统、音箱系统等方向，产品应用于智能辅助驾驶系统、新能源三电系统、汽车安全驾驶系统、车载娱乐设备等产品。公司管理人员拥有多年相关行业跨国公司管理经验，公司治理规范有序，先后取得了ISO9001、ISO14001、IATF16949等管理体系认证，以及SONY-GP、UL等行业、安规认证。公司重视产品设计、工艺开发、精益制造等能力建设，技术研发人员拥有多年电子元器件、汽车线束等行业的研发工作经验，使得公司积累了大量的技术优势。公司致力于不断提高客户满意度，为客户提供定制化程度高、性能稳定的产品及解决方案。,"设计,生产,销售:电子元器件,电线,电线连接器,精密注塑件,冲压件;设计,生产,销售及安装:智能卫浴产品及配件;太阳能光伏电站销售电业务;货物进出口.(依法须经批准的项目,经相关部门批准后方可开展活动)"
837242.BJ,公司致力于汽车后市场非易损零部件的开发、设计与销售，同时为客户提供整套完善的供应链管理服务。公司采取柔性化的市场需求导向型模式，将重点放在市场调研、工程设计、模具开发、产品验证上，生产环节委托外部厂商进行，公司主要负责对其关键技术把控及指导，并进行质量管理。公司凭借在物流、商流、信息流等方面的整合能力，为客户提供综合解决方案。公司的主要产品包括制动系统、传动系统、电子电气系统、转向系统、发动系统和汽车其他系统。,"汽车后市场非易损零部件的开发,设计与销售"
837344.BJ,公司主要从事现代生物医药产品的研究、开发、生产和销售，是中国基因工程药物基础研究和临床应用开发领域的领先企业。公司产品主要包括多种剂型和规格的重组人干扰素α1b，以该产品为首的“基因工程人α型干扰素系列产品的研制生产和应用”项目曾荣获国家科学技术进步奖一等奖。其中，注射用重组人干扰素α1b、重组人干扰素α1b注射液已列入《国家基本医疗保险、工伤保险和生育保险药品目录》和《国家基本药物目录(2018年版)》。,"公司主要从事生物医药的研究,开发,生产和销售,主要产品有:注射用人干扰素α1b粉针剂,人干扰素α1b注射液,重组人干扰素α1b喷雾剂,人干扰素α1b滴眼液等."
837663.BJ,公司主要从事高性能、高强度、高精度、高难度形状复杂零部件的研发、生产和销售，拥有自润滑轴承(DU)、金属粉末注射成形零件(MIM)、粉末冶金零件(PM)和汽车零部件四大系列产品，产品广泛应用于机械电子工业，擅长于汽车零部件的开发应用，已实现在上海大众、上海通用、一汽大众、东风日产、长城、奇瑞等汽车上的国产化配套供货，部分产品进入国际跨国公司全球采购平台。目前已经建立并实施ISO/TS16949汽车产品质量体系、ISO14001环境管理体系和OHSAS18001职业健康安全管理体系，并已通过第三方认证。公司目前已取得120多项国家专利，其中发明专利3项，荣获国家高新技术企业称号。,"公司主要从事汽车座椅调节系统核心零部件的研发,生产和销售,专业提供高性能,高强度,高精度,复杂零部件的专业化定制服务."
837821.BJ,公司主营业务为FPC及FPC产业链的延伸-FPC组件产品的研发、生产与销售。目前FPC及其组件产品的应用范围非常广泛，属于技术密集型和知识密集型相结合的产业。公司生产的FPC及其组件产品，尤其是其中的标准化智能控制模块，主要应用于汽车电子、医疗监护、指纹识别、通讯等领域。公司拥有多年的FPC组件产品的研发设计、制造经验，以FPC功能化、模块化为导向，提供从前期客户需求沟通到产品研发、设计、制造，再到后期技术支持的全程服务。,"基于柔性应用的定制化传感器模块产品的研发,生产与销售"
838030.BJ,公司成立于2010年2月25日，总部位于湖南省怀化市，是一家以汽车整车销售为主、集多品牌4S店与多项汽车后市场服务为一体的专业汽车销售服务企业。公司的主营业务包括汽车整车销售、汽车售后维保服务及汽车增值服务。公司经销品牌范围涵盖中高端共十多个乘用车品牌，多元化的品牌组合符合中西部地区的市场状况，使公司能够抓住中西部地区消费升级带来的发展机遇，实现业务规模和盈利水平的快速发展。,"燃油汽车销售,新能源汽车销售,汽车售后服务,汽车零配件及汽车装饰用品销售,二手车经销,充电桩销售,润滑油销售,商务代理代办服务,软件开发及信息技术咨询服务,汽车循环经济,再生资源利用等"
838163.BJ,公司主营业务为物流快递包装的生产、销售以及胶黏材料研发，是一家及研发、生产与销售为一体的高新技术企业，产品包括背胶袋、防水袋、气泡袋和可变信息物流标。公司拥有专业的研发团队、核心设备及自主研发的技术配方，主要环节的原材料均由公司内部自行生产，实现了垂直整合。公司凭借独有的核心技术优势、研发实力以及亚太地区主要的背胶袋供应商的行业地位，为全球物流、快递、邮政等行业提供包装产品设计和制造。公司是亚太地区主要的背胶袋产品供应商之一，且是中国早期自主研制物流快递行业配套塑料包装、胶黏制品的公司之一。,"物流快递包装的生产,销售以及胶黏材料研发"
838171.BJ,公司是一家专业生产散热系统零配件制造企业，涉及领域包含汽车、家用空调及制冷设备等。公司主要产品为冷凝器、集流管组件及其它零部件，主要面向两大领域：汽车空调换热领域和工业及家用空调换热领域，其中冷凝器主要用于汽车空调换热领域，集流管组件主要用于工业及家用空调换热领域。,"热交换器的研发,生产及销售"
838227.BJ,公司是一家业内领先的电子商业软件服务企业，主营业务为电子商务服务软件的研发、销售和运营。自成立以来，公司一直致力于为商家提供高效、易用的商家服务工具。公司主要产品美折、微淘签到、美印、美评针对淘宝卖家(包括淘宝集市和天猫商城)提供服务，主要的销售方式为通过将公司提供的应用软件发布在淘宝卖家服务市场(https://fuwu.taobao.com)中，卖家进行订购后按月支付软件使用费，淘宝在支付过程中扣除相应技术服务费后与公司进行结算。公司主要服务模式系为订购用户提供SaaS软件服务。,"电子商务软件的研发,销售和运营"
838262.BJ,公司是一家从事以套件类产品(含枕套、被套、床单等)、被芯、丝巾为主的家纺用品的研发设计、生产加工、品牌推广、渠道建设和销售业务的床上用品生产商。公司主要产品为“太湖雪”品牌床上用品。公司产品定位于大中型城市的中高端市场，主要面向年轻消费群体。,蚕丝丝绸制品销售
838275.BJ,公司是一家国家级高新技术企业。该公司由一批归国动物营养博士后、动物营养生理学家、人类营养学博士、生物化学博士，会同著名猪病、禽病专家及一批年富力强、理论深厚、经验丰富的博士团队组成，专业从事饲料添加剂、饲料新原料、新技术的研发与推广，为饲料行业和养殖行业提供切实可靠的解决方案。三行人开创了造血营养崭新领域，并获得多项造血国家发明专利，其中专利产品“牲血速”得到业界充分肯定和广泛应用。为增进动物健康、减少环境污染带来深远意义，已成为行业名副其实的知名品牌。公司主营业务是研发、生产、销售具有提升动物造血能力的添加剂预混料、其他功能的添加剂预混料，同时销售饲料添加剂和原料等。,"牲血速,牲血素,牲血旺,牲血乐,赐尔健等造血类产品;拜猪安,拜禽安,维补安等抗应激类产品;诱食元等诱食类产品;对养殖场提供技术指导;与部分猪场合作提供复产复养等技术服务."
838402.BJ,公司主要从事电子级硅烷气的研发、生产和销售。主要产品为硅烷气，副产品四氯化硅。目前公司的电子级硅烷气生产线是国内领先的百吨规模以上、拥有自主知识产权、设备国产化率达到90%的工业化生产装置。公司目前生产的产品主要为电子级硅烷气。电子级硅烷气主要由硅粉、氢气、四氯化硅、催化剂等经过各种化学和物理反应蒸馏、提纯而得。纯度3N～4N(化学中对于物质纯度的表示方式，N为英文nine的首字母，4N纯度为4个9，即99.99%，)称为工业级硅烷，纯度在5N以上的称为电子级硅烷。,"光电子材料:硅烷,高纯氢气,四氯化硅等的生产及相关技术研发服务及工业气体的销售"
838670.BJ,公司自设立以来，一直以研发、生产、销售各系列感应热处理淬火机床设备，和电源、感应器等核心部件及其控制系统为主营业务，公司所在行业属国家战略新兴产业中的高端设备制造业，由于公司生产感应热处理设备具有高效智能、节能环保、稳定可靠的特点，能降低传统热处理行业的能耗、污染水平，是战略新兴产业鼓励的智能装备制造、节能环保领域。公司经过多年自主研发和技术积累，始终专注于智能感应热处理成套设备及核心部件、控制系统的研发、生产、销售和技术服务。公司根据市场需求和热处理产品加工工艺流程实际情况，为客户提供高效智能、节能环保、稳定可靠的设备和热处理生产整体解决方案。公司产品主要应用于汽车制造、工程机械、机床装备、轴承生产、风电设备、锻造加工等多个行业，间接服务于航空航天、轨道交通、核电装备、舰船等高精尖产业的发展。现拥有中国中车、东风汽车、沈阳机床、三一集团、山推股份、瓦轴集团、徐工集团等一批国内行业领先的大中型企业，公司目前主要与外资同行业企业开展竞争，与国内同行对比形成显著的行业领先优势。,"从事中高档数控感应热处理成套设备及其关键功能部件的研发,生产,销售和技术服务,为下游客户提供高效,智能,稳定和节能的感应热处理设备及全自动热处理整体解决方案"
838810.BJ,公司现占地面积47700平方米。主营包装机械、制药机械等先进装备，属国家高新技术企业。公司不仅拥有优秀的技术团队、管理团队和销售团队，还具有较强的自主研发优势和人才优势，企业成立至今，获得政府及社会各界好评，曾荣获市文明单位、市明星企业、信用AAA级企业、市创新先进单位、省著名商标、省知识产权示范单位、省知识产权“兴业强企”工程试点示范工作先进集体、省中小企业联络单位、全国知识产权优秀奖等荣誉称号。公司产品分为五大系列，有液体吹灌封自动成型灌装机系列、四边封条袋包装机系列、铝塑泡罩包装机系列、全自动装盒机系列和智能化生产线，共计20多个品种，产品可用于药品、食品、化妆品及化工日用品等行业，适用领域广泛，智能化水平高。,"公司主要产品包括液体吹灌封自动成型灌装机系列,四边封条袋包装机系列,铝塑泡罩包装机系列,全自动装盒机系列,装箱码垛一体机系列五大系列产品,以及通过总线控制由装盒机连接前三大系列产品和包括影像监测,在线称重,灯检系统,抓取机器人等辅助设备组成的智能联动生产线等"
838837.BJ,公司致力于车用滤清器和工业用过滤设备的研发、制造与销售，产品涵盖空气滤清器、燃油(燃气)滤清器、机油滤清器、液压过滤器、工业用过滤器五大类，共3000多个品种型号。公司借助玉柴技术研发平台、与玉柴工程研究院及华南理工大学产学研结合，针对国内工况需要的过滤器滤材进行前沿研究；与美国明尼苏达大学过滤研究中心签订合作协议，成为该研究中心成员，共享滤清器行业世界一流研发机构的最新成果。,车用滤清器和工业过滤设备
838924.BJ,公司是一家致力于提供信息通信技术服务综合解决方案的高新技术企业，立足信息通信产业，依托核心技术，为电信运营商、铁塔公司、中国通号等大型国企提供技术先进、安全可靠的信息通信技术服务整体解决方案，提供网络建设、优化及全面的行业应用，并同时针对运营商拓展用户群体及提升用户价值的需求，提供数字内容运营服务。公司主营业务可分为信息通信系统集成、ICT行业应用、资产运营服务、数字内容服务四大业务板块。公司承接公网无线通信系统集成业务、铁路GSM-R无线网络规划设计及网络优化服务、广电及公安专网无线通信系统集成等业务。公司主要产品包括室分/WLAN、管线传输、宽带、设备安装等无线公网通信系统集成服务、铁路、广电、公安等专网无线通信系统集成服务、“智慧城市”系统集成服务、公网及专网定制化产品供应等。,"信息通信系统集成,ICT行业应用,资产运营服务,数字内容服务等"
838971.BJ,公司是专业研发、生产α-氧化铝、氢氧化铝和高纯纳米氧化铝的现代高新技术企业。公司成立于2000年9月，建有省级企业技术研发中心，拥有经验丰富的研发团队，与中国科学研究院等国内6所高等科研院校建立了长期的技术合作关系。公司通过了质量管理体系、环境管理体系和职业健康安全管理体系认证，拥有自营进出口权，是中国工商联合会会员单位。2013年被河南省科技厅认定为高新技术企业，拥有多项发明专利和自主知识产权，2005-2008年被评为郑州市文明诚信私营企业，2003获得自营进出口权，产品远销欧、美、日、韩等多个国家。公司主要产品有：TM-HA、LA系列高纯氧化铝、TFT-LCD液晶玻璃、光伏玻璃用氧化铝、PDP等离子玻璃用氧化铝、高压电器用α-氧化铝、单晶硅片研磨用α-氧化铝、高导热球形α-氧化铝、IC基板用α-氧化铝、特种陶瓷及耐火材料用α-氧化铝、陶瓷造粒粉等20余种，规格全，质量优。多项产品填补国内空白，并获得了国家发明专利权，各项技术指标均已达到或优于进口同类产品水平，产品遍布国内外市场。,"高性能精细氧化铝粉体材料的研发,生产和销售"
839167.BJ,公司专注于高性能光伏焊带的研发、生产、销售，主要产品包括互连焊带和汇流焊带。公司拥有多年光伏产业辅料从业经历，主要为大型光伏行业电池组件厂商提供焊带原料。公司借助各种渠道与行业内多家公司建立联系，成为合格供应商，并积极参加境内外展会吸引潜在客户，进而取得订单。在综合考虑原材料价格及加工制造成本、损耗率及合理利润率基础上制定产品价格。倚靠自主研发、自主生产作为支撑，公司通过主动营销的方式向客户提供产品从而获取利润及现金流。,光伏焊带
839273.BJ,公司主要从事魔芋种繁育、推广，魔芋初加工、精深加工以及魔芋相关产品的研发、生产和销售。目前，公司已基本形成了从魔芋种子育种到魔芋深加工的全产业链业务体系，最大限度满足客户需求。公司坚持技术革新和产品研发，不断发展壮大。公司通过子公司致力种业繁育魔芋种子出售给芋农，再通过农村经纪人、专业合作社采购魔芋片、魔芋粉等原料生产亲水胶体、美妆洗护用品、魔芋膳食纤维、魔芋休闲健康素食等产品获取收益。,"魔芋亲水胶体(魔芋粉),魔芋食品,魔芋美妆用品"
839371.BJ,公司及其子公司天津太阳主营业务是蛋液、蛋粉、白煮蛋及各类预制蛋制品的生产和销售。欧福蛋业是世界著名蛋制品品牌“SANOVO”在中国的成员企业，主要客户包括肯德基、联合利华食品、八十五度、元祖等知名的食品和餐饮企业。公司产品多为低温冷链运输，业务范围具有一定的区域性，从公司及其子公司的业务分布来看，欧福蛋业主要客户主要集中在华东地区，子公司天津太阳则主要面向华北市场。公司及子公司主要生产鸡蛋深加工产品，主要分为基础蛋制品、混合蛋制品和预制蛋制品三大类，包括蛋液、蛋粉、白煮蛋以及各类预制蛋制品系列。,"蛋液,蛋粉,白煮蛋及各类预制蛋制品的生产和销售"
839680.BJ,公司是拥有完全自主知识产权的高科技企业，是网络安全产品、智能网络应用管理平台，专业安全服务与解决方案的综合提供商。专业从事信息安全、情报分析领域及信息化平台建设的相关技术和产品的研发、生产，销售和服务。同时，广道也是提供国家信息安全等级保护相关服务的授权厂商。公司主营业务为数据采集及分析类软件产品的研究、开发和销售，为城市公共安全相应领域提供数据感知及分析的嵌入式软硬件设备提供商。综合运用信息安全、物联网、人工智能、云计算与大数据分析等数字技术，进行产品核心软件的研发，为客户提供相关数据嵌入式软硬设备产品，助力新型智慧城市建设。公司自主研发的系列产品应用领域主要涉及治安维稳、案件侦破、市政执法、生态环境等城市公共安全方面。,"公司聚焦于新型智慧城市建设下的城市公共安全管理领域,从事该领域内大数据智能化相关产品的研发,生产,销售及服务."
839725.BJ,公司致力于金刚石粉的研制与经营，坚定的走专业化发展道路，铸造了自己的品牌：微粉、精微粉、超精微粉、超细微粉、超纯微粉、高强微粉，破碎料、优质破碎料、整形料、高强整形料，是中国机床工具工业协会超硬材料分会常务理事单位，国家级高新技术企业。金刚石微粉月生产量4000万克拉，金刚石破碎料月生产量1000万克拉，是中国最大的金刚石微粉专业制造商。公司特聘资深的知名专家为高级顾问，企业拥有雄厚的专业技术力量，精湛的生产工艺和先进的加工设备，拥有国际上最先进的现代化检测仪器，产品质量可靠。公司生产的各品牌产品畅销国内外市场，60%以上的产品出口到欧、美、日、韩、印度和东南亚市场，出口量逐年增加。,"公司主要从事金刚石微粉,金刚石破碎整形料的研发,生产,销售等业务."
839729.BJ,公司是一家集兽用生物制品研发、生产、销售和技术服务为一体的生物医药企业，主要产品为猪用疫苗和禽用疫苗。公司自成立以来持续进行科研创新，已建立了一支由多名兽用生物制品行业专家领衔、多名硕士及以上学历人员组成的高端技术研发队伍。公司在展开自主研发的同时，积极与中监所、中国动物卫生与流行病学中心、兰兽研、中国科学院南海海洋研究所、广东省动物疫病预防控制中心、动物卫生研究所、中山大学、华东理工大学、华南农业大学、广东海洋大学、扬州大学等十余家科研机构与院所展开合作研发，并根据市场需求和公司战略进行技术引进。通过自主研发、合作研发及技术引进相结合的科研模式，公司先后承担了国家“863”计划和国家科技支撑计划等各类国家级、省部级、市级、区级科技项目，并取得多项技术研究成果与奖项。,"生产胚毒活疫苗,细胞毒活疫苗,细菌活疫苗,禽流感灭活疫苗,细胞毒灭活疫苗,胚毒灭活疫苗,细菌灭活疫苗,猪瘟活疫苗(兔源);经营兽用生物制品;兽用生物制品技术开发与技术转让;兽医技术服务;兽医器械的销售;代办储运;货物进出口;技术进出口;非居住房地产租赁."
839790.BJ,公司是中国政府认定的“国家规划布局内重点软件企业”。作为中国江苏省最大的独立软件服务提供商，一直秉承“品质第一、顾客至上、尊重个人、鼓励创新”的宗旨，通过实施CMMI4级的软件开发管理和规范，在专业测试和质量保障的前提下，提供金融、证券、保险、政府、企业应用等多领域的软件应用系统开发服务、软件产品的销售与定制及维护服务、ERP系统导入支援服务、数据录入及单据整理等软件技术服务。信息化服务领域为客户提供综合解决方案，正逐渐发展成为国际一流的以软件产品服务为基础，同时面向互联网应用领域的综合解决方案提供商。,"软件开发与服务,软件产品销售,配套硬件销售等"
839792.BJ,公司成立以来主要从事耐火材料的研发、生产和销售，主要产品为各种系列电熔镁、轻烧镁、不定形耐火材料和不烧耐火砖，电熔镁、轻烧镁可作为原料用于连续生产不定形耐火材料和不烧耐火砖。公司的电熔镁、轻烧镁、部分不定形耐火材料和部分不烧耐火砖根据客户的订单采取直接销售的模式，即下游客户根据其需要向公司下订单并详细约定采购产品的数量、规格、型号等，公司根据客户订单需求直接向客户销售。,"电熔镁砂,轻烧氧化镁,定形及不定形耐火制品等"
839946.BJ,公司作为中重型商用车变速系统轻量化领先者、汽车换挡机构细分行业隐形冠军，长期致力于商用车变速器零部件的研发、生产与销售。通过铝合金应用、结构优化、热成型以及模块化设计等技术实现汽车零部件的轻量化。经过多年的技术研发和创新，公司铝合金材质产品的机械性能达到或超过同类铸铁、铸钢类产品。在中重型商用车变速器领域，公司轻量化产品逐步替代了传统的铸铁、铸钢类产品。是国内第一家也是目前国内最大的专业化汽车拨叉、汽车换挡机构制造商。公司产品以专业化的汽车换档机构系统总成为主，包括汽车拨叉、叉轴、上盖、顶盖、变速箱壳体、离壳等汽车变速系统相关零部件，制动器，发动机支架、平衡悬架及其他精密铸钢类零件、镁铝压铸类零件。,"汽车变速系统零部件的研发,生产和销售"
870199.BJ,公司是一家专注于研发、生产、销售康复理疗类医疗仪器产品及服务的现代化高新技术企业。公司产品主要覆盖康复理疗行业中的电疗法、力因子疗法、传导热疗法领域，其主要产品有中频电疗仪、空气波压力治疗仪、经皮神经电刺激仪、神经肌肉电刺激仪、痉挛肌低频治疗仪、高频妇科治疗机等，公司研制的产品不仅可应用于专业机构，如二、三级医院、社区医院、乡镇卫生院、民营医院、康复中心、养老院、护理院、养生馆等，还可广泛应用于家庭用户的康复理疗保健。,"基于物理因子衍生的各系列智能康复设备的研发,生产和销售"
870204.BJ,公司主要从事高阻隔工业软包装的研发、生产和销售，是专业的高阻隔工业软包装整体解决方案提供商。公司可根据客户产品物理化学特性、包装工艺、仓储物流条件及使用环境等各方面因素，从薄膜配方设计、工艺流程、生产设备等各方面进行针对性的开发，生产出符合客户个性化需求的产品，并提供售前、售中、售后全程服务，是客户可信赖的产品包装整体解决方案提供商。产品包括：工业用铝塑复合重包装袋(膜)、各类食品级软包装袋(膜)、250L以上各类液体袋、太阳能光伏背板用PE膜、建筑和工业用保温材料。公司努力打造完善的产品结构、全面整合产品规格，根据客户的实际需求生产定制化的产品，满足客户在包装产品大小、承重能力、阻隔性、异形等方面的要求。,"复合材料,塑料包装制品的生产及销售"
870299.BJ,公司主要从事电能质量监测系统产品的研发、生产、销售，并提供技术服务。电力系统是发电、变电、输电、配电和用电环节组成的电能生产与消费系统。它的功能是将自然界的一次能源通过发电动力装置转化成电能，再经输变电系统及配电系统将电能供应到各负荷中心，供各类用户使用。电能质量即电力系统中电能的质量。电能质量并没有一个确切的定义，是一个多样化的概念。1996年国外学者Dugan提出电能质量问题是任何能够引起用户设备非正常工作的电压电流问题；2007年学者Kusko和Thompson提出研究电能质量问题即是为了保证电网安全稳定运行供电的一种学术研究。国内学者普遍认为电能质量是描述电网供给用户交流电能的质量的好坏。电能作为一种不可存储的商品，需要各类指标来评判该商品的质量，电能质量指标包括电压偏差、频率偏差、谐波、电压电流三相不平衡以及各种扰动干扰等。,"公司专业从事电能质量监测设备及系统的研发,生产及销售,提供电能质量测试评估等技术服务,并致力于为客户提供电能质量整体治理方案"
870357.BJ,公司是一家专门从事电子产品的开发设计、器件采购、加工和测试、成品组装等业务的大型PCBA生产加工企业，重点提供各类电子产品线路板SMT批量嵌入式加工服务，产品广泛应用于汽车、家电、电子信息、仪器仪表、安防等相关领域，在区域内中具有一定的优势。公司的经营范围：电子产品线路板、贴片、插件焊接、组装、加工、销售；电子产品研究开发、销售。公司主要产品为PCBA电子产品线路板。公司提供的SMT加工服务主要为订单式生产。公司的产品应用领域主要包括汽车电子、空调、液晶屏、小家电驱动板、安防等设备。PCBA电子产品线路板是指印制电路板空板通过表面组装技术(SMT)贴片技术上件，将无引脚或短引线表面组装元器件安装在其表面，通过回流焊或浸焊等方法加以焊接组装而成的电子元件。变更后主营业务为：“电子产品销售、电子元器件制造、计算机软硬件及外围设备制造、其他电子器件制造、工业控制计算机及系统制造、电子元器件零售、智能家庭消费设备制造、智能车载设备制造、机械设备研发、电子专用材料研发、货物进出口。,"公司主要从事消费电子,汽车电子,工业控制领域的PCBA电子制造服务,制造流程包含BOM优化,技术支持,电子装联和检验测试等,完整的业务链条和一体化的服务能力可为客户提供优质的电子制造服务."
870436.BJ,公司主要提供商用汽车、乘用汽车、工程机械和新能源汽车等整车线束配套解决方案，以及发动机的低压电线束等汽车零部件的研发、生产和销售。产品主要应用在整车组装制造领域，发动机制造、工程机械、农业园林机械及新能源车领域。其中汽车线束是汽车电路的网络主体，是为汽车各种电器具提供电能和电信号的电子控制系统。公司属于汽车制造业，主要提供商用车、乘用车、工程机械和新能源汽车等整车线束配套解决方案，以及发动机的低压电线束等汽车零部件的研发、生产和销售，主要产品包括重卡全车线束、轻卡全车线束、乘用车线束、SUV和PK全车线束、工程机械线束、农林机械线束、发动机专用线束、新能源线束、新能源充电枪、充电宝等产品。,"公司主要提供商用汽车,乘用汽车,工程机械和新能源汽车等整车线束配套解决方案,以及发动机的低压电线束等汽车零部件的研发,生产和销售."
870508.BJ,公司主营各类硬齿面齿轮、齿轮轴的研发、制造和销售，是国内水稻收割机变速箱零配件的重要供应商。公司产品质量可靠，得到了客户的一致认可。通过多年经营与现有客户建立了密切的合作关系。公司有收获机械齿轮、耕作机械齿轮、工程机械齿轮、动力机械齿轮、汽车零部件等系列产品，具备年生产各类齿轮、齿轮轴百万件的能力。,"各类农用机械齿轮的研发,生产及销售.收割机齿轮,拖拉机齿轮,旋耕机齿轮等"
870866.BJ,公司是一家集研发、生产、加工、销售于一体的现代股份制农药、种子企业，集团总部在北京市中关村翠湖科技园。公司在天津滨海新区和沧州渤海新区临港经济技术开发区占地百余亩建有农药生产基地。公司拥有农药相关发明专利2项，农药相关实用新型专利近30项，公司有4个农药原药登记证，99个农药制剂登记证，1个水溶性肥料登记证。公司在北京海淀、山东寿光、甘肃酒泉、广州南沙建有育种研发及品种测试鉴定基地，并与中国农业大学园艺学院联合建立了绿亨蔬菜育种工作站，寿光绿亨还建有8000平方米的高标准现代化的蔬菜种子研发及加工中心。目前公司种子相关发明专利3项，有19个品种获得植物新品种权，另有十余个品种正在申报植物新品种权，并且进入临时保护期；多个玉米品种获得品种审定证书。,"主要从事农药产品和蔬菜种子的研发,生产和销售"
871245.BJ,公司的主营业务为：专业从事液压动力单元的研发、生产及销售。液压动力单元(HPU)用作供油装置，它通过外部的管路系统与数个液压油缸相连以控制多组阀门动作。通过动力油源系统将原动机的机械能转换成油液的压力能，向整个液压传动系统提供动力，公司产品主要应用于仓储物流设备制造及汽车机械、工程机械、铁路机械等领域等行业领域。经过多年技术积累、创新与实践，公司已发展成为国内仓储物流领域技术水平及行业地位领先的液压动力单元产品提供商，主力产品液压动力单元市场竞争力逐步提升。,液压动力单元和液压齿轮泵
871396.BJ,公司前身为国家定点生产阀门执行机构的三家国有企业之一，上世纪七十年代，参与电力行业国产电动执行机构的研发，2003年通过引进国际先进控制技术，研发出国内第一代智能型电动执行机构。公司主营业务为阀门执行机构的研发、生产与销售。依托自身在阀门专用电机驱动技术、电动执行机构智能化技术、电动执行机构的核电技术等核心技术的竞争优势，提供满足不同工作环境需求的阀门执行机构产品，公司生产的阀门执行机构产品种类众多，主要包括普通产品、智能型产品、核电产品三大类。产品广泛应用于核电、石化、冶金、市政、电力等行业和领域。公司为江苏省高新技术企业，产品用于秦山核电站、大亚湾核电站、西气东输、大庆油田等多个国家重大工程项目。公司与国内高等院校、研究院所建立了长期技术合作关系，建有江苏省企业技术中心、工程技术研究中心和研究生工作站，为智能型阀门电动装置国家标准(GB/T28270-2012)主要起草单位，江苏省高新技术产业化火炬计划项目单位。,"阀门执行机构的研发,生产与销售"
871478.BJ,公司的主要业务为研发、生产和销售以实现智能工厂为目标的各类工业机器人、自动化生产线和智能工厂管理软件。具体包括由桁架机器人集成的生产线，关节机器人集成的生产线，用于自动线集成的各类辅助设备，以及为自动化生产线、智能工厂的管理而开发的各类软件。公司目前主要产品为门式机器人、末端执行器、物流及检测系统等自动化相关产品。以零部件加工为对象，开发满足零部件加工自动化要求的上下料搬运门式机器人、关节机器人，末端执行器、物流及检测系统等核心组件，设计和生产零部件加工自动化单元、自动生产线，以及带有客户定制化需求的智能化生产线、无人化零部件加工工厂。用户遍及各主流机床厂家、汽车制造、齿轮加工、电子航空等各个行业。,"各类工业机器人,自动化生产线和智能工厂管理软件"
871553.BJ,公司主要从事凹印印版的研发、生产和销售业务，通过向下游印刷厂商销售版辊等产品实现收入和利润。公司采取自主研发为主的研发模式。经过长久的发展，公司已经成为国内印刷印版行业的知名企业。凭借公司先进的生产技术、先进设备、优秀的生产组织能力、严格的质量控制体系和出色的全程客服模式，在行业内形成了良好的口碑。公司利用自己在行业内的知名度和对行业的深入理解，为客户提供质量可靠的产品，以保持公司稳定上升的盈利能力。,"印刷行业中重要耗材凹印印版的研发,生产和销售"
871634.BJ,公司是一家专业化从事常规锌粉、超细高纯锌粉、片状锌粉等锌金属深加工系列产品的生产型企业。公司拥有业内领先的自主核心技术和持续研发能力，核心技术团队及管理团队参与了我国锌粉行业唯一的“国家高新技术产业化示范工程项目”。公司产品广泛应用于富锌防腐涂料、粉末镀锌、有色冶金、化工、医药、摩擦材料等领域。公司的主营业务为常规锌粉及超细高纯锌粉的研发、生产和销售。公司全资子公司湖南新威凌负责锌粉产品的生产，公司则进行产品销售渠道的搭建及相关销售工作。,"常规锌粉及超细高纯锌粉的研发,生产和销售"
871642.BJ,公司主营业务为军用特种航空制品以及聚氨酯、碳纤维等新材料制品的研发、生产和销售。公司产品主要为特种橡胶制品，主要包括航空供氧面罩、橡胶软油箱、变压器油囊、航天航空及核工业设备用密封件，主要应用于航天、航空、电力等领域。产品均按客户需求设计生产，属非标产品拨款研制及订货生产。产品由公司技术部负责研制，由生产部负责生产实施，采购部、质检部销售部为配套部门。同时，公司还利用自身军民两用工艺技术优势和质量管理优势以及渠道优势，经营部分民用橡胶零件、储油柜胶囊、胶布及特种橡胶燃油油箱的生产销售以及橡胶及橡胶制品相关的原材料的贸易业务。,"公司主要从事军用特种航空制品以及聚氨酯,碳纤维等材料制品的研发,生产和销售,主要产品包括航空供氧面罩,聚氨酯保护膜,飞机橡胶软油箱,变压器储油柜胶囊(隔膜),碳纤维窗框等."
871694.BJ,公司主要从事高性能软管的研发、生产和销售。公司专注于TPU、NBR、EPDM等高分子材料扁平软管的研发，可以生产直径为3/4英寸至20英寸的各种规格的软管，已经成为行业领先的一次成型扁平软管制造商。公司在提供多种规格产品的同时，还能为客户提供个性化的产品定制方案，包括与软管配套的快速接头、快速收放系统等。目前，公司生产的产品以出口为主，已经广泛应用于油气开采、农业灌溉、煤矿、工业流体运输等领域。,"公司的主要产品包括耐高压大流量输送软管,普通轻型输送软管两大系列"
871753.BJ,公司自成立以来的主营业务涉及纺织品、服装、鞋类、箱包、毛绒玩具等产品的质量检测和技术咨询，在针织产品及面料功能性测试方面在国内具有一定的影响力。公司服务、产品销售的定价依据为在考虑国内市场情况、竞争对手报价、政府指导价、客户的订单量的基础上，做出一个市场化的报价。客户多为国内外知名品牌商或供应商，在江浙沪、珠三角、京津等地区较为集中。,"消费品,医疗器械及工业品的检测,检验服务.公司主要提供消费品,医疗器械及工业品等领域的检测服务,服务项目包括强制性检测,常规检测,功能性检测等."
871857.BJ,公司的主营业务为高精度电子线组件以及微型电声器件的设计、研发、生产和销售。公司的产品主要包括高精度电子线组件和微型扬声器，主要应用于笔记本电脑为主的消费电子领域。公司产品主要应用于笔记本电脑、通讯、数码等产品领域，主要客户为广达、仁宝、英业达、纬创、和硕、联宝、三诺等，终端客户为世界一流品牌，主要为HP、联想、DELL、Acer、ASUS等。公司通过了ISO9001:2015质量管理体系、ISO14001:2015环境管理体系、IECQ QC080000:2017有害物质过程管理体系，ISO45001：2018职业健康安全管理体系、UL体系及RBA责任商业联盟认证等国内外权威质量管理认证。公司拥有稳固优质的客户基础、卓越的研发能力、综合成本控制能力、先进的质量控制理念及高效的管理团队，注重全供应链管理、社会责任的履行、环境保护、生产线工艺流程的研究和改进；专注于高精度电子线组件和微型扬声器的设计、研发、生产和销售。,"电子元器件制造;高精度电子线组件,新型,微型电声器件的设计,研发,生产和销售;货物进出口."
871970.BJ,公司是一家以混合型饲料添加剂、添加剂预混合饲料、单一饲料的研发、生产、销售、服务为主营业务的高新技术企业。自创立以来，公司以“正本清源，回归天然”为企业理念、坚持“品质加服务”的品牌发展战略，创建产学研相结合的技术研发体系，以促生长、提品质、代替抗生素为方向，不断提升动物脏器功能、提高动物自身免疫力及饲料利用效率。在养殖效率至上的时代，公司将持续提升客户的养殖效率和食品安全水平。,"公司主要产品主要包括饲料添加剂,饲料及兽药三大类."
871981.BJ,公司主要从事石英晶振及封装材料的设计、研发、生产及销售，系国家高新技术企业、安徽省创新型企业、安徽省专精特新中小企业、省级认定企业技术中心。公司产品主要分为石英晶振和封装材料两类。石英晶振产品包括各类型石英晶体谐振器和石英晶体振荡器。封装材料产品主要包括各类型石英晶振封装外壳、上盖、可伐环等，为石英晶振上游材料，另有少量其他电子元件外壳等。石英晶振是利用石英晶体的压电效应制成的频率元器件，可以产生稳定的脉冲，为微芯片提供基准频率信号。石英晶振产生的基准频率信号主要有无线数据传输和时钟两种用途。石英晶振广泛运用于各类频率控制、频率稳定、频率选择和计时系统中，特别适用于对频率准确度要求较高的电子产品，如通信网络、移动终端、物联网、汽车电子、智能家居、家用电器等领域，是各类电子产品不可或缺的基础元器件。,"石英晶体元器件,电子元器件,电子元器件封装元件,石英晶片的研发,制造,销售,智能装备,仪器的研发,制造,销售."
872190.BJ,公司专注于“粉丝交互”模式下游戏笔记本、游戏台式机和游戏外部设备等产品的设计、研发和销售。公司通过与品牌粉丝强黏度交互，贴近游戏玩家内心，为玩家提供性能强悍、品质一流的产品和服务，致力于让每一位玩家都能拥有极致的游戏体验。公司以优质的产品性能和独特的服务理念受到了众多游戏玩家的青睐，在市场上积累了广泛的企业知名度和品牌影响力。公司主营业务为游戏笔记本、游戏台式机和游戏外部设备等产品的设计、研发和销售。公司产品推广成本低、产品针对性强、客户忠诚度高，现有商业模式能够保障企业各项业务的运行，具有可持续性，未来公司将不断优化商业模式，提升企业的运营能力，保障公司长远稳定发展。,"专业化计算机硬件设备商,主要产品包括笔记本电脑,台式机,外设及周边(包括显示器,键盘,鼠标,耳机等)"
872351.BJ,公司是集国际货运代理业务和内支线集装箱运输为一体的，业务范围涵盖长江中下游各主要港口的综合性物流企业。主要经营航线有长沙港至上海外港江河集装箱航运、岳阳港至洋山港江海集装箱航运公司主营业务为国际货运代理业务和内支线集装箱运输。公司业务范围涵盖长江中下游各主要港口，主要经营航线有长沙港至上海外港江河集装箱航运、岳阳港至洋山港江海集装箱航运。,"国际物流代理服务,航运服务,国内公路物流服务"
872374.BJ,公司致力于超低功耗无线技术的物联网智能硬件产品及物联网云平台行业解决方案的研发、生产和销售，拥有超低功耗智能物联网传感器系列及超低功耗智能物联网模组系列两条产品线。公司深耕物联网领域，依托专业的研发团队、强大的渠道整合能力、高质量的产品和在业内积累的品牌优势，致力于为客户提供超低功耗无线技术的物联网智能硬件产品及物联网云平台行业解决方案。,"蓝牙传感器,物联网模组,物联网网关等智能硬件产品,电子标签及搭载的物联网云平台"
872392.BJ,公司的主营业务为纸质包装与展示产品的研发、设计、生产和销售，为客户提供全方位的包装与展示解决方案，沃尔玛、迪士尼、彪马、家得宝、劳氏、塔吉特、百思买、麦德龙等多个国际知名品牌均为公司包装与展示产品的终端用户。公司的主要产品包括展示架、展示盒、彩箱、柔印纸箱、礼品盒、手提袋等。,"纸质包装与展示产品的研发,设计,生产和销售"
872541.BJ,公司主营业务为铁路信号与通信设备的生产与销售，为客户提供相应的计算机信息系统集成、应用软件开发及技术服务。公司自设立以来，始终致力于信号和通信技术在轨道交通上的应用创新，向客户提供系统集成、工程施工、技术咨询、技术培训、技术支持一体化的轨道交通安全监控与防护整体解决方案。公司所研制、开发的产品主要应用于全国各铁路局及地方铁路、冶金厂矿铁路等领域，部分产品如LED铁路信号机同时适用于城轨、地铁等轨道交通领域，综合防雷产品因其安全性高、稳定性强，也适用于民用高端领域。,"设备监测(监控)系统,雷电防护系统,LED信号机系统,智能运维管理系统等"
872808.BJ,公司专注于数据中心领域，在数据中心高效制冷的研发及服务方面积累了较多经验，形成数据中心高效制冷系列化的解决方案；公司为客户提供数据中心机房规划设计，帮助客户实现精确制冷、配电、供电保护、监控以及消防等功能，并通过专门的软件系统实现对机房的实时能效控制，降低客户的运营成本。在液冷方面，公司构建并完善了数据中心的液体冷却技术、产品和产业生态体系，液冷系统突破传统风冷散热模式，采用风冷和液冷混合散热模式——服务器内主要热源CPU利用液冷冷板进行冷却，其余热源仍采用风冷方式进行冷却。通过这种混合制冷方式，可大幅提升服务器散热效率，同时，降低主要热源CPU散热所耗电能，并增强服务器可靠性。,"公司是一家以数据中心高效冷却技术为核心的数据中心基础设施产品供应商,主营业务为:浸没相变液冷数据中心基础设施产品,冷板液冷数据中心基础设施产品及模块化数据中心产品的研究,开发,生产及销售,以及围绕上述产品提供系统集成和技术服务."
872895.BJ,公司是一家以农业专用设备生产为主的机械制造企业，致力于为客户提供玉米全程机械化收获及秸秆综合利用解决方案。公司的主营业务是系列打捆机械、玉米籽粒收获割台、青贮圆捆加工机组等农业机械的研究开发、生产销售和应用服务，以及为客户提供OEM产品生产加工服务。公司生产的农机产品主要服务于农民粮食收获，农作物、牧草秸秆的收集打捆，主要产品种类是打捆机、一体机和割台。公司主要通过各区域经销商销售给农户，服务于农业生产，提升农业机械化水平。公司的客户主要为各个区域的农机产品销售商及政府相关部门。公司产品的终端消费群体为农民。,"公司的主营业务是打捆机,玉米割台等农业机械的研发,生产和销售等农业机械的研究开发,生产和销售;主要产品为方捆打捆机,玉米割台等."
872925.BJ,公司主要从事康复医疗器械和家用医疗器械的研发、生产和销售，主要产品包括：助听器、雾化器、防褥疮气垫等。公司产品主要为个人消费者及广大家庭提供辅助听力、呼吸道疾病治疗、保健护理等功能，帮助消费者进行疾病症状的改善、疾病预防和治疗，提升生活品质。并致力为有听力困扰的人群提供有声陪伴。公司主要以海外销售为主，出口地区覆盖欧洲、亚洲、美洲等全球多个个国家和地区。公司2011年成立以来，已取得了美国FDA、欧盟CE认证，以及IS013485医疗器械质量管理体系证书等，公司先后与欧洲健康生活领导品牌德国博尔乐、日本知名电视购物公司等建立合作关系，并进入国际连锁零售企业沃尔玛、家乐福、CVS等销售渠道。,"康复医疗器械和家用医疗器械的研发,生产及销售"
873001.BJ,公司主要从事偏光片和光学薄膜材料的研发、生产与销售。偏光片指将高分子膜材料通过特殊加工制成具有偏振作用的光学材料，主要由PVA膜、TAC膜、保护膜、离型膜和压敏胶等复合制成，是显示面板的核心材料之一。公司主要产品为偏光片，目前按照应用领域分为LCD偏光片及眼镜类偏光片，主要应用在工控仪表、汽车仪表盘液晶显示屏、消费类电子产品、3D眼镜、太阳镜等。,"偏光片,防雾片.公司主要从事偏光片和光学薄膜材料的研发,生产与销售."
873122.BJ,公司是一家集标准、检测、计量、认证、验货多位一体的综合性技术服务提供商，主营业务为纺织及轻工产品的检验检测和认证服务、纺织仪器检定校准以及试验用耗材销售等。公司主要是通过为客户提供检测服务、出具检测报告来实现盈利。公司负责制订、修订纺织品国家标准和行业标准，以及标准的复审工作，开展纺织标准和检测技术的研究，在行业内进行纺织标准的宣贯，向客户提供各类纺织标准和检测技术的咨询服务。公司利用自身标准、信息的资源优势，加强与目标客户的沟通，提升公司在行业内的影响力，稳定客户群体、不断扩大市场份额，从而实现公司盈利最大化。同时，公司开展认证服务，对客户资质进行审核，并出具认证评价报告。此外，公司还研制并代理销售纺织标准物质，最大限度地满足广大客户对纺织标准和标准物质的需求，帮助客户有效避免贸易争议。,"纺织及轻工产品的检验检测和认证服务,纺织仪器检定校准以及试验用耗材销售等."
873152.BJ,公司主要从事锂离子电池模组的研发、设计、组装及销售，致力于为客户提供安全、轻便、持久的绿色能源产品。公司主要产品为锂电池模组，产品目前按用途分为两大系列：(1)动力类锂电池模组，主要应用于电动自行车、电动两轮车、电动三轮车等；(2)储能类锂电池模组，主要应用于电动工具、工业移动照明、备用电源等。公司将在巩固自身产品在动力类锂电池模组的基础上，扩大在电动叉车电池、电动汽车电池等领域的市场份额，并加快向通讯基站等领域拓展。,"锂离子电池模组的研发,设计,组装及销售一般项目:电池制造;电池销售;工程和技术研究和试验发展;助动自行车,代步车及零配件销售;照明器具销售;灯具销售;变压器,整流器和电感器制造;电子元器件与机电组件设备销售;货物进出口;技术进出口(除依法须经批准的项目外,凭营业执照依法自主开展经营活动)."
873167.BJ,公司主营业务为医药产品的研发、生产和销售，产品主要包括化学药品原料药、化学药品制剂及中成药三大类。公司产品涵盖葡萄糖酸盐系列原料药、感冒类用药、骨科类用药、心脑血管类用药、消化系统类用药、维生素类等领域，主导产品葡萄糖酸钙、葡萄糖酸锌、葡萄糖酸亚铁原料药市场份额位居行业前列。,"化学药品原料药,化学药品制剂及中成药三大类"
873169.BJ,公司是一家专业从事紧固件研发、生产及销售业务的高新技术企业公司凭借优质的产品质量和高效的服务在国内外客户群体中积累了良好的口碑。公司各类紧固件产品广泛应用于建筑、轨道交通、航空航天等领域。公司业务以外销为主，产品远销美国、日本、加拿大、欧盟等多个国家和地区。公司相继通过ISO9001、ISO14001、GJB9001等质量管理体系认证以及CRCC认证、DB认证、CE认证等产品质量认证。公司积极与高校、科研院所合作，建有高强度高端紧固件技术研究院、浙江省省级高新技术研发中心等，并通过了CNAS国家实验室认可。公司成立以来，始终重视技术进步，不断加大自主创新和研发力度，自主创新研发能力显著提升。公司致力于走国际化道路，统筹国际国内两大市场协调发展，坚持专业化生产、产业化经营，大力实施转型升级、创新制胜、人才兴企战略，努力“打造国内一流的集研发、生产、服务为一体的中高端紧固件领军企业”。,"公司产品主要包括高精密螺栓组件,高强度,耐低温螺栓,自锁螺母等,产品规格涵盖M3-M48的各类等级的螺栓,螺母,垫圈,冲压件,金属部件等,品种达两千余种.公司产品以为客户定制生产的非标紧固件为主,致力于满足国内外客户的差异化需求.同时,公司产品结构涵盖国标(GB),国军标(GJB),航空标准(HB),ANSI,JIS,DIN,UNE,ISO等标准紧固件."
873223.BJ,公司的主营业务为紧固件的研发、生产和销售，主要产品有铜钉、铜件、铜套、SMD、铝件、钢件、铆钉和螺母等，产品主要用于3C、汽车等行业。公司客户为直接使用公司产品的生产企业，主要为3C、汽车等众多行业领域的厂商。公司产品大部分为内销，少量销往阿根廷、美国等地。对于常规件，公司销售的定价政策主要根据历史订单并结合市场价格来确定；针对客户需求研发的特殊件，公司将以研发、生产成本为基础，考虑最终应用领域、工艺复杂程度、产品生产效率、期间费用等综合因素，结合同类产品市场价格加成比例评估最终销售价格。,"精密紧固件,连接件,结构件等精密金属零部件的研发,制造和销售"
873305.BJ,公司的主营业务为粉末冶金零件的研发、生产和销售。主要产品涉及汽车零件、家电零件两个领域，包括商用车减速起动机用粉末冶金齿轮齿圈，乘用车起动机用粉末冶金齿轮齿圈，汽车起动机用粉末冶金含油轴衬，汽车雨刮电机用粉末冶金零件，汽车变速箱同步器粉末冶金齿毂、滑块，冰箱、空调压缩机用粉末冶金零件，洗衣机离合器、减速器用粉末冶金零件等。,"粉末冶金制品和磁性材料的研发,生产和销售"
873339.BJ,公司自2013年成立以来，就致力于LED灯具的研发、生产、销售。公司主营业务为LED照明产品生产、研发及销售，产品主要应用于办公照明、工业照明、住宅照明、商业照明。公司主要采用ODM和OEM的销售模式，为客户提供满意的产品和服务；公司高度重视产品质量管理，先后取得了UL、FCC、DLC等多个国际组织的认证。,LED照明灯具
873527.BJ,公司是一家专业从事反光材料及其下游应用产品的研发、生产及销售的高新技术企业。经过多年的发展，公司已成为中国反光材料行业内工艺技术先进、生产规模较大、产品规格齐全、品牌优势突出的企业。公司的主要产品分为四大类：反光布、反光膜、反光服饰及反光制品，其中，反光服饰和反光制品是以反光布或反光膜为原料的应用产品，反光材料主要储存方式为储存在通风、干燥、阴凉(温度在23±5℃)的库房内，包装箱不得直接着地，一般放置于托盘或垫板上。主要运输方式为汽车运输。,"反光材料,反光制品等"
873593.BJ,公司主营业务为医疗及工业自动化用线性执行器、编码器、驱控器及其组件为基础的精密运动控制系列产品的设计、研发、生产、销售.公司为客户提供精密运动控制系列产品一揽子解决方案。公司产品线性执行器、混合式步进电机、音圈电机以及智能驱控器等广泛使用于医疗诊断设备、生命科学仪器、实验室自动化、机器人、流体控制、半导体及精密电子生产设备，各类工业自动化设备。,"线性执行器,混合式步进电机,直流电机,音圈电机及其组件"
